,Tweets,len,ID,USER,userName,User Location,Language,Date,Source,Likes,Retweets,Geo,Coordinates,Place
0,"Eu: moÃ§o, coloca a mÃ¡scara, por favor? Uber: senhora, calma, nÃ£o Ã© pra tanto Eu: moÃ§o, sou mÃ©dica, trabalho em CTI da Covid e to tentando proteger vocÃª. Tinham uns 20 hj lÃ¡  Colocou a mÃ¡scara em 1/2 segundo. Uma nova vida baseada em aterrorizar pra proteger  Sou mÃ©dica nada",274,1312758758397882368,Andressagomeszz,diaba loira,"SÃ£o JosÃ© dos Pinhais, Brasil",,2020-10-04 14:17:32,Twitter for Android,0,23943,,,
1,pfv normalizem a mascara depois da pandemia eu adorei ficar sem mostrar metade do meu rosto,91,1312758754413367296,inthwexpect,may,,,2020-10-04 14:17:31,Twitter for Android,0,1273,,,
2,"Lembrando que hj, as 16h, teremos uma conversa com a comunidade #LGBTQIA+ para discutirmos as pautas e as demandas para Sinop.  Venha de mÃ¡scara e vamos juntos construir uma Sinop para todes! #Sinop https://t.co/Y5X9xol6zZ",222,1312758753213775872,profagraciele,Professora Graciele,"Sinop, Brasil",,2020-10-04 14:17:31,Twitter for iPhone,0,0,,,
3,sorrir de mÃ¡scara achando que a pessoa ta vendo: ğŸ¤¡ğŸ¤¡ğŸ¤¡ğŸ¤¡ğŸ¤¡ğŸ¤¡ğŸ¤¡ğŸ¤¡ğŸ¤¡ğŸ¤¡ğŸ¤¡ğŸ¤¡ğŸ¤¡ğŸ¤¡ğŸ¤¡ğŸ¤¡ğŸ¤¡ğŸ¤¡ğŸ¤¡ğŸ¤¡ğŸ¤¡ğŸ¤¡ğŸ¤¡ğŸ¤¡ğŸ¤¡ğŸ¤¡ğŸ¤¡ğŸ¤¡ğŸ¤¡ğŸ¤¡ğŸ¤¡ğŸ¤¡ğŸ¤¡ğŸ¤¡ğŸ¤¡ğŸ¤¡ğŸ¤¡ğŸ¤¡ğŸ¤¡ğŸ¤¡ğŸ¤¡ğŸ¤¡ğŸ¤¡ğŸ¤¡ğŸ¤¡ğŸ¤¡ğŸ¤¡ğŸ¤¡ğŸ¤¡ğŸ¤¡ğŸ¤¡ğŸ¤¡ğŸ¤¡ğŸ¤¡,103,1312758751464751104,Oliiveira_12,CH,"Triagem , Rio De Janeiro ",,2020-10-04 14:17:30,Twitter for Android,0,4682,,,
4,o bom eh que se tiver de mÃ¡scara nÃ£o embaÃ§a a lente https://t.co/3QsGTSyNnw,75,1312758738332323840,loisgustavu,á›š áš¢ á› á›Š,,,2020-10-04 14:17:27,Twitter for Android,0,2786,,,
5,agora tu imagina um calor desse em janeiro com escolas que nÃ£o tem ar condicionado tendo que usar mÃ¡scara pra fazer o enem sim confia que isso vai dÃ¡ certo,155,1312758733076869128,_Alessaduarte,ğ‘«ğ’–ğ’‚ğ’“ğ’•ğ’† ğŸ”¥,"Minas Gerais, Brasil",,2020-10-04 14:17:26,Twitter Web App,0,19644,,,
6,sorrir de mÃ¡scara achando que a pessoa ta vendo: ğŸ¤¡ğŸ¤¡ğŸ¤¡ğŸ¤¡ğŸ¤¡ğŸ¤¡ğŸ¤¡ğŸ¤¡ğŸ¤¡ğŸ¤¡ğŸ¤¡ğŸ¤¡ğŸ¤¡ğŸ¤¡ğŸ¤¡ğŸ¤¡ğŸ¤¡ğŸ¤¡ğŸ¤¡ğŸ¤¡ğŸ¤¡ğŸ¤¡ğŸ¤¡ğŸ¤¡ğŸ¤¡ğŸ¤¡ğŸ¤¡ğŸ¤¡ğŸ¤¡ğŸ¤¡ğŸ¤¡ğŸ¤¡ğŸ¤¡ğŸ¤¡ğŸ¤¡ğŸ¤¡ğŸ¤¡ğŸ¤¡ğŸ¤¡ğŸ¤¡ğŸ¤¡ğŸ¤¡ğŸ¤¡ğŸ¤¡ğŸ¤¡ğŸ¤¡ğŸ¤¡ğŸ¤¡ğŸ¤¡ğŸ¤¡ğŸ¤¡ğŸ¤¡ğŸ¤¡ğŸ¤¡,103,1312758724713418754,Nathydobarraco,InamorÃ¡vel,"BrasÃ­lia, Brasil",,2020-10-04 14:17:24,Twitter for Android,0,3087,,,
7,pfv normalizem a mascara depois da pandemia eu adorei ficar sem mostrar metade do meu rosto,91,1312758722029146118,777Mamacita,MIRELINHA,Belo Horizonte ,,2020-10-04 14:17:23,Twitter Web App,0,1273,,,
8,"@Cataniarse Eu joguei tinta com mÃ¡scara, mas o shampoo Ã© tio nacho",66,1312758718837264385,Saulofolklore,Ğ²Ñ”â„“â„“Ñ”Î±à¸—âˆ‚sÑ”Ğ²Î±sÏ„iÎ±à¸—,"Montes Claros, Brasil",,2020-10-04 14:17:23,Twitter for Android,0,0,,,
9,candidato que fica fazendo visita em comunidade sem mÃ¡scara tem mais q se fuder,79,1312758713254645761,arlenecbl,Vegas,BelÃ©m - ParÃ¡ - Brasil,,2020-10-04 14:17:21,Twitter for Android,0,3,,,
10,"Porra velho,o irmÃ£o do meu cunhado vem em casa sem mÃ¡scara,jÃ¡ tem uns 68 anos,anda a cidade inteira sem mÃ¡scara e,vem na caso dos outros sem mÃ¡scara,minha mÃ£e e eu botamos as mÃ¡scaras na cara dele.",197,1312758709525807104,NinoDinarelli,Nino Dinarelli â€  SCCP â›¿,"SÃ£o Paulo, Brasil",,2020-10-04 14:17:20,Twitter for Android,0,0,,,
11,o bom de usar mÃ¡scara na rua Ã© que ngm te vÃª chorando,53,1312758707722358784,juuczanin,xÃºlea,"FlorianÃ³polis, Brasil",,2020-10-04 14:17:20,Twitter for Android,0,0,,,
12,@svnthlady meu deus essa mÃ¡scara Kkkkkkkkk,42,1312758703540633601,pambeeslyl,vitoria,,,2020-10-04 14:17:19,Twitter for Android,0,0,,,
13,"Bom dia para quem, assim como eu, NÃƒO SUPORTA MAIS usar essa maldita MÃSCARA.",77,1312758703540629505,janainacuca,I love Gigi ğŸ˜ğŸ’–,,,2020-10-04 14:17:19,Twitter for Android,0,592,,,
14,sorrir de mÃ¡scara achando que a pessoa ta vendo: ğŸ¤¡ğŸ¤¡ğŸ¤¡ğŸ¤¡ğŸ¤¡ğŸ¤¡ğŸ¤¡ğŸ¤¡ğŸ¤¡ğŸ¤¡ğŸ¤¡ğŸ¤¡ğŸ¤¡ğŸ¤¡ğŸ¤¡ğŸ¤¡ğŸ¤¡ğŸ¤¡ğŸ¤¡ğŸ¤¡ğŸ¤¡ğŸ¤¡ğŸ¤¡ğŸ¤¡ğŸ¤¡ğŸ¤¡ğŸ¤¡ğŸ¤¡ğŸ¤¡ğŸ¤¡ğŸ¤¡ğŸ¤¡ğŸ¤¡ğŸ¤¡ğŸ¤¡ğŸ¤¡ğŸ¤¡ğŸ¤¡ğŸ¤¡ğŸ¤¡ğŸ¤¡ğŸ¤¡ğŸ¤¡ğŸ¤¡ğŸ¤¡ğŸ¤¡ğŸ¤¡ğŸ¤¡ğŸ¤¡ğŸ¤¡ğŸ¤¡ğŸ¤¡ğŸ¤¡ğŸ¤¡,103,1312758703066615818,aiviiil,animal,,,2020-10-04 14:17:19,Twitter for Android,0,3087,,,
15,sorrir de mÃ¡scara achando que a pessoa ta vendo: ğŸ¤¡ğŸ¤¡ğŸ¤¡ğŸ¤¡ğŸ¤¡ğŸ¤¡ğŸ¤¡ğŸ¤¡ğŸ¤¡ğŸ¤¡ğŸ¤¡ğŸ¤¡ğŸ¤¡ğŸ¤¡ğŸ¤¡ğŸ¤¡ğŸ¤¡ğŸ¤¡ğŸ¤¡ğŸ¤¡ğŸ¤¡ğŸ¤¡ğŸ¤¡ğŸ¤¡ğŸ¤¡ğŸ¤¡ğŸ¤¡ğŸ¤¡ğŸ¤¡ğŸ¤¡ğŸ¤¡ğŸ¤¡ğŸ¤¡ğŸ¤¡ğŸ¤¡ğŸ¤¡ğŸ¤¡ğŸ¤¡ğŸ¤¡ğŸ¤¡ğŸ¤¡ğŸ¤¡ğŸ¤¡ğŸ¤¡ğŸ¤¡ğŸ¤¡ğŸ¤¡ğŸ¤¡ğŸ¤¡ğŸ¤¡ğŸ¤¡ğŸ¤¡ğŸ¤¡ğŸ¤¡,103,1312758702685016066,Geoszx1,ğ•²ğ–Šğ–”ğ–›ğ–†ğ–“ğ–“ğ–†,"Rio de Janeiro, Brasil",,2020-10-04 14:17:19,Twitter for Android,0,4682,,,
16,pfv normalizem a mascara depois da pandemia eu adorei ficar sem mostrar metade do meu rosto,91,1312758702496247811,jujubarubss,JubsrubsğŸ“šğŸ‡¾ğŸ‡ª ğŸŒŒ,,,2020-10-04 14:17:19,Twitter for Android,0,1273,,,
17,Jim Carrey marcou geraÃ§Ãµes com o papel em O MÃ¡scara? Quem deu umas boas gargalhadas com o filme? https://t.co/QPd24SdMuM,120,1312758702102007808,RulliAngie,GracianağŸ•Š,"SÃ£o Paulo, Brasil ",,2020-10-04 14:17:19,Twitter Web App,0,29,,,
18,"Hoje tem #ProtestoNoArruda e como sempre, ajudar o colega tricolor Ã© fundamental!  Se vocÃª for de carro e tiver vaga para carona responda aqui seu trajeto e quantas vagas dispÃµe! ğŸ‡¾ğŸ‡ªğŸš™  Lembrando: todos de mÃ¡scara e levando bastante Ã¡lcool em gel.  #ProtestoNoArruda",264,1312758700986245120,eulindoclaudio,craudinho,,,2020-10-04 14:17:18,Twitter for Android,0,31,,,
19,agora tu imagina um calor desse em janeiro com escolas que nÃ£o tem ar condicionado tendo que usar mÃ¡scara pra fazer o enem sim confia que isso vai dÃ¡ certo,155,1312758700814274561,Joy_lovez,Joy V âœ¾| ğŸ“–:Mulherzinhas,,,2020-10-04 14:17:18,Twitter for Android,0,19644,,,
20,pfv normalizem a mascara depois da pandemia eu adorei ficar sem mostrar metade do meu rosto,91,1312758691368710147,afsleo,leo,sÃ£ lolo,,2020-10-04 14:17:16,Twitter for iPhone,0,1273,,,
21,"Acho q foi nas imagens da TVI do jogo com assistÃªncia do St Clara q se dava p ver bastante gente a cumprir com a regra simples de usar mÃ¡scara..sÃ³ n parece q sabem onde se usam, pois mts usavam abaixo do nariz ou no queixo. Se nem os jogadores no banco cumprem tb..",265,1312758688504000513,AnaLuABC,Ana Lu,Somewhere over the rainbow,,2020-10-04 14:17:15,TweetDeck,0,0,,,
22,Xingamentos do futuro:   E teu pai que usava mÃ¡scara atÃ© quando tava sozinho no carro,85,1312758687870726145,LucianeLazzarin,Luciane Lazzarin,Florianopolis SC,,2020-10-04 14:17:15,Twitter Web App,0,2151,,,
23,pfv normalizem a mascara depois da pandemia eu adorei ficar sem mostrar metade do meu rosto,91,1312758682212618242,Roberthogw,Floco de Neve,"Liverpool, England",,2020-10-04 14:17:14,Twitter for Android,0,1273,,,
24,Num instante as pessoas sabem colocar a mÃ¡scara...ğŸ¤£ğŸ¤£ğŸ¤£ https://t.co/lyxQrPbMJu,77,1312758681587638279,NathliaCarval20,NathÃ¡lia Carvalho,,,2020-10-04 14:17:14,Twitter for iPhone,0,0,,,
25,"@_poiZe Boa, depois vou te passar uma mÃ¡scara de hidrataÃ§Ã£o para o cabelo que estou usando que Ã© muito boa",106,1312758674499264514,Fred__King,Fred King â™ ï¸ğŸ‘‘,"SÃ£o Paulo, Brasil",,2020-10-04 14:17:12,Twitter for Android,1,0,,,
26,"SaÃ­ de chapÃ©u, Ã³culos escuro e mÃ¡scara, o alfa na ofensiva, disse que eu tava parecendo o Michael Jackson, coloque a mÃ£o na altura do cinto, balancei e gritei â€œAuâ€ https://t.co/xoFtPohV4N",187,1312758654299332614,kamcosta96,Kamilla Costa,Minas,,2020-10-04 14:17:07,Twitter for iPhone,0,0,,,
27,A pessoal responde meus stories perguntando pq eu nÃ£o tava usando mÃ¡scara e agora a pessoa vai pra role cheio de gente  Enfiam a hipocrisia nÃ©,142,1312758639120257026,guzinho_3,Flowerboy ğŸ¥€,,,2020-10-04 14:17:04,Twitter for iPhone,0,0,,,
28,incrÃ­vel que toda  vez que a lana passa na tml com a mÃ¡scara de telinha eu tenho a mesma reaÃ§Ã£o como se fosse a primeira vez como eu AMO essas fotos,148,1312758635630669825,ueepaaa,luis o espalha lixo,,,2020-10-04 14:17:03,Twitter for Android,0,0,,,
29,pfv normalizem a mascara depois da pandemia eu adorei ficar sem mostrar metade do meu rosto,91,1312758633197907969,JessySlytherin,ğŸ³ï¸â€ğŸŒˆJessyy Slytherin,Hogwarts,,2020-10-04 14:17:02,Twitter for Android,0,1273,,,
30,sorrir de mÃ¡scara achando que a pessoa ta vendo: ğŸ¤¡ğŸ¤¡ğŸ¤¡ğŸ¤¡ğŸ¤¡ğŸ¤¡ğŸ¤¡ğŸ¤¡ğŸ¤¡ğŸ¤¡ğŸ¤¡ğŸ¤¡ğŸ¤¡ğŸ¤¡ğŸ¤¡ğŸ¤¡ğŸ¤¡ğŸ¤¡ğŸ¤¡ğŸ¤¡ğŸ¤¡ğŸ¤¡ğŸ¤¡ğŸ¤¡ğŸ¤¡ğŸ¤¡ğŸ¤¡ğŸ¤¡ğŸ¤¡ğŸ¤¡ğŸ¤¡ğŸ¤¡ğŸ¤¡ğŸ¤¡ğŸ¤¡ğŸ¤¡ğŸ¤¡ğŸ¤¡ğŸ¤¡ğŸ¤¡ğŸ¤¡ğŸ¤¡ğŸ¤¡ğŸ¤¡ğŸ¤¡ğŸ¤¡ğŸ¤¡ğŸ¤¡ğŸ¤¡ğŸ¤¡ğŸ¤¡ğŸ¤¡ğŸ¤¡ğŸ¤¡,103,1312758628517019650,Kawan_cria,kawan ï£¿,"TanguÃ¡, Brasil",,2020-10-04 14:17:01,Twitter for iPhone,0,3087,,,
31,@andryellebrand pelo menos se sair na rua pode usar a mÃ¡scara pra esconder ğŸ˜­,76,1312758626352852992,aurorafalIs,belle,"London, England",,2020-10-04 14:17:01,Twitter for iPhone,0,0,,,
32,Tem uma senhorinha aqui no hospital com uma mÃ¡scara da akatsuki HAAHBSHAHDAH,76,1312758616898838528,dDemoto,ğ•¯ğ–Šğ–’ğ–”ğ–™ğ–” | HYPE 4 GENSHIN IMPACT,sp,,2020-10-04 14:16:58,Twitter for Android,0,0,,,
33,sorrir de mÃ¡scara achando que a pessoa ta vendo: ğŸ¤¡ğŸ¤¡ğŸ¤¡ğŸ¤¡ğŸ¤¡ğŸ¤¡ğŸ¤¡ğŸ¤¡ğŸ¤¡ğŸ¤¡ğŸ¤¡ğŸ¤¡ğŸ¤¡ğŸ¤¡ğŸ¤¡ğŸ¤¡ğŸ¤¡ğŸ¤¡ğŸ¤¡ğŸ¤¡ğŸ¤¡ğŸ¤¡ğŸ¤¡ğŸ¤¡ğŸ¤¡ğŸ¤¡ğŸ¤¡ğŸ¤¡ğŸ¤¡ğŸ¤¡ğŸ¤¡ğŸ¤¡ğŸ¤¡ğŸ¤¡ğŸ¤¡ğŸ¤¡ğŸ¤¡ğŸ¤¡ğŸ¤¡ğŸ¤¡ğŸ¤¡ğŸ¤¡ğŸ¤¡ğŸ¤¡ğŸ¤¡ğŸ¤¡ğŸ¤¡ğŸ¤¡ğŸ¤¡ğŸ¤¡ğŸ¤¡ğŸ¤¡ğŸ¤¡ğŸ¤¡,103,1312758605045805056,laycavalcantee,danada,"Breu Branco, Brasil",,2020-10-04 14:16:55,Twitter for iPhone,0,3087,,,
34,Fui no mercado pra minha vÃ³ e esqueci a mascara. Problemas do seculo 21,71,1312758602743123970,Vito_rosa0,Vitinho,"CaÃ§ador, Brasil",,2020-10-04 14:16:55,Twitter for Android,0,0,,,
35,imagina estar na coreia com vÃ¡rias pessoas de mÃ¡scara por todo canto eu ia achar que alguÃ©m Ã© do treasure a cada 5 minutos.,123,1312758598200680449,gcfasahi,dobby's anaâ„¢,find your âœ¦ treasure,,2020-10-04 14:16:54,Twitter for Android,0,0,,,
36,sorrir de mÃ¡scara achando que a pessoa ta vendo: ğŸ¤¡ğŸ¤¡ğŸ¤¡ğŸ¤¡ğŸ¤¡ğŸ¤¡ğŸ¤¡ğŸ¤¡ğŸ¤¡ğŸ¤¡ğŸ¤¡ğŸ¤¡ğŸ¤¡ğŸ¤¡ğŸ¤¡ğŸ¤¡ğŸ¤¡ğŸ¤¡ğŸ¤¡ğŸ¤¡ğŸ¤¡ğŸ¤¡ğŸ¤¡ğŸ¤¡ğŸ¤¡ğŸ¤¡ğŸ¤¡ğŸ¤¡ğŸ¤¡ğŸ¤¡ğŸ¤¡ğŸ¤¡ğŸ¤¡ğŸ¤¡ğŸ¤¡ğŸ¤¡ğŸ¤¡ğŸ¤¡ğŸ¤¡ğŸ¤¡ğŸ¤¡ğŸ¤¡ğŸ¤¡ğŸ¤¡ğŸ¤¡ğŸ¤¡ğŸ¤¡ğŸ¤¡ğŸ¤¡ğŸ¤¡ğŸ¤¡ğŸ¤¡ğŸ¤¡ğŸ¤¡,103,1312758595805736962,DAAIOLV,ğŸ¥º,,,2020-10-04 14:16:53,Twitter for Android,0,3087,,,
37,@icone_acessivel Migo e eu que vi ontem no tiktok uma russa que tatuou uma mÃ¡scara preta no rosto e a mÃ£o direita ela tatuou toda preta,135,1312758594404839428,Auroramelchiad2,Auroramelchiades,,,2020-10-04 14:16:53,Twitter for Android,0,0,,,
38,"Participei hoje do ato do ComitÃª de Luta contra as privatizaÃ§Ãµes. O que vira esse jogo Ã© o povo organizado. A decisÃ£o do STF,  de entrega das refinarias, foi um escÃ¡rnio! Mas, nÃ£o vamos desistir! A batalha sÃ³ estÃ¡ comeÃ§ando! Obs: sÃ³ tirei a mÃ¡scara na hora de falar. https://t.co/rtytdwxiUp",290,1312758591053533189,rodollfosdb,Rodollfo Bernini,Brazil,,2020-10-04 14:16:52,Twitter Web App,0,131,,,
39,o bom eh que se tiver de mÃ¡scara nÃ£o embaÃ§a a lente https://t.co/3QsGTSyNnw,75,1312758577610862593,eluaann,lulu,Brasil,,2020-10-04 14:16:49,Twitter for iPhone,0,2786,,,
40,pfv normalizem a mascara depois da pandemia eu adorei ficar sem mostrar metade do meu rosto,91,1312758576960675842,yjmgguk,ğ’‚ğ’ğ’šâ·,ÇÊŒÉÂ uooÉ¯ÊÇuoÉ¥,,2020-10-04 14:16:49,Twitter for Android,0,1273,,,
41,pfv normalizem a mascara depois da pandemia eu adorei ficar sem mostrar metade do meu rosto,91,1312758574108602369,poppyismymain,Jaque,"Vacaria, RS",,2020-10-04 14:16:48,Twitter for Android,0,1273,,,
42,"""BOLSONARO errou, que merda. Ele estÃ¡ sendo vencido pelos inimigos. Eu estou muito decepcionado"" Falou o cara que estÃ¡ usando mÃ¡scara desde marÃ§o, estÃ¡ todo cagado de medo da griprezinha e que nÃ£o teve culhÃ£o de ir Ã s ruas para evitar um Lockdown. EntÃ£o VSF! #FechadoComBolsonaro",279,1312758567905222658,lopes_marcocrf,Marco - #VaiPraCimaDelesMengo,"Rio de Janeiro, Brasil",,2020-10-04 14:16:47,Twitter for Android,1,0,,,
43,"EstÃ¡ na hora de tirar a mÃ¡scara dos que usaram a pandemia para industrializar o pÃ¢nico, montar fraudes em sÃ©rie e roubar a liberdade do cidadÃ£o. NÃ£o Ã© mais questÃ£o de ciÃªncia. Ã‰ caso de polÃ­cia. (por @karinamichelin ) https://t.co/Grt0Im8ChJ",241,1312758555657809921,Rf4And,marcos ANDRÃ‰ fRANCISCO DA_sILVA,,,2020-10-04 14:16:44,Twitter Web App,0,2427,,,
44,"@prmiguelcirilo @Carlos38718741 @PastorMalafaia Mas caiu a mascara, era por interesse, oportunismo, nn passa de um judas, vergonha mesmo.",137,1312758550561775621,de_pfau,Tereza Pfau,,,2020-10-04 14:16:42,Twitter Web App,0,0,,,
45,"@marianooretorno @minsaude @edinaldo_olive @MCrivella @GMRio O uso de mÃ¡scara e lavagem das mÃ£os com detergente, alÃ©m do distanciamento de 2 metros vai ajudar.",159,1312758546384158722,FLMBEZ,FRANCISCO LUIZ MARTINS BEZERRA{MJ+Â§v},Brasil,,2020-10-04 14:16:41,Twitter for Android,0,0,,,
46,a mÃ¡scara estÃ¡ a por me a pele numa misÃ©ria,43,1312758536502480897,mcrpinheiroo,Maria ğŸŒ²,"Barcelos, Portugal",,2020-10-04 14:16:39,Twitter for Android,0,56,,,
47,agora tu imagina um calor desse em janeiro com escolas que nÃ£o tem ar condicionado tendo que usar mÃ¡scara pra fazer o enem sim confia que isso vai dÃ¡ certo,155,1312758530965942272,hongielips,hongie â€¢ tmakerÂ¹Â²,,,2020-10-04 14:16:38,Twitter for Android,0,19644,,,
48,agora tu imagina um calor desse em janeiro com escolas que nÃ£o tem ar condicionado tendo que usar mÃ¡scara pra fazer o enem sim confia que isso vai dÃ¡ certo,155,1312758528134852610,meteor0dapaixao,clara,"Manaus, Brasil",,2020-10-04 14:16:37,Twitter for iPhone,0,19644,,,
49,sorrir de mÃ¡scara achando que a pessoa ta vendo: ğŸ¤¡ğŸ¤¡ğŸ¤¡ğŸ¤¡ğŸ¤¡ğŸ¤¡ğŸ¤¡ğŸ¤¡ğŸ¤¡ğŸ¤¡ğŸ¤¡ğŸ¤¡ğŸ¤¡ğŸ¤¡ğŸ¤¡ğŸ¤¡ğŸ¤¡ğŸ¤¡ğŸ¤¡ğŸ¤¡ğŸ¤¡ğŸ¤¡ğŸ¤¡ğŸ¤¡ğŸ¤¡ğŸ¤¡ğŸ¤¡ğŸ¤¡ğŸ¤¡ğŸ¤¡ğŸ¤¡ğŸ¤¡ğŸ¤¡ğŸ¤¡ğŸ¤¡ğŸ¤¡ğŸ¤¡ğŸ¤¡ğŸ¤¡ğŸ¤¡ğŸ¤¡ğŸ¤¡ğŸ¤¡ğŸ¤¡ğŸ¤¡ğŸ¤¡ğŸ¤¡ğŸ¤¡ğŸ¤¡ğŸ¤¡ğŸ¤¡ğŸ¤¡ğŸ¤¡ğŸ¤¡,103,1312758524896739335,durigonn_,Durigon ğŸ‡ªğŸ‡ª,"Santa Catarina, Brasil",,2020-10-04 14:16:36,Twitter for Android,0,4682,,,
50,sorrir de mÃ¡scara achando que a pessoa ta vendo: ğŸ¤¡ğŸ¤¡ğŸ¤¡ğŸ¤¡ğŸ¤¡ğŸ¤¡ğŸ¤¡ğŸ¤¡ğŸ¤¡ğŸ¤¡ğŸ¤¡ğŸ¤¡ğŸ¤¡ğŸ¤¡ğŸ¤¡ğŸ¤¡ğŸ¤¡ğŸ¤¡ğŸ¤¡ğŸ¤¡ğŸ¤¡ğŸ¤¡ğŸ¤¡ğŸ¤¡ğŸ¤¡ğŸ¤¡ğŸ¤¡ğŸ¤¡ğŸ¤¡ğŸ¤¡ğŸ¤¡ğŸ¤¡ğŸ¤¡ğŸ¤¡ğŸ¤¡ğŸ¤¡ğŸ¤¡ğŸ¤¡ğŸ¤¡ğŸ¤¡ğŸ¤¡ğŸ¤¡ğŸ¤¡ğŸ¤¡ğŸ¤¡ğŸ¤¡ğŸ¤¡ğŸ¤¡ğŸ¤¡ğŸ¤¡ğŸ¤¡ğŸ¤¡ğŸ¤¡ğŸ¤¡,103,1312758522912935937,fer_lisb,ğ§ğšğ§ğğš,,,2020-10-04 14:16:36,Twitter for iPhone,0,3087,,,
51,pfv normalizem a mascara depois da pandemia eu adorei ficar sem mostrar metade do meu rosto,91,1312758514893443073,baeksrg,sthe,,,2020-10-04 14:16:34,Twitter for Android,0,1273,,,
52,pelo menos tÃ¡ de mÃ¡scara https://t.co/tMfcvL90sU,48,1312758509574987776,Flastafari,Mochila de crianÃ§a,SP - SÃ£o Paulo,,2020-10-04 14:16:33,Twitter for Android,0,0,,,
53,pfv normalizem a mascara depois da pandemia eu adorei ficar sem mostrar metade do meu rosto,91,1312758508463558657,TheDan_Lopes,ãƒ€ãƒ‹ã‚¨ãƒ«,Ngm Liga,,2020-10-04 14:16:32,Twitter for Android,0,1273,,,
54,@kamelenha @reneSB_ simm ainda mais usando mÃ¡scara fica super sexy misterious ~~,80,1312758504277581825,gethelala,raki,,,2020-10-04 14:16:31,Twitter for Mac,0,0,,,
55,"@fredorento12 amg essa mascara eh caseira, ja vi receita dela, se eu achar eu te mando",86,1312758497222721540,anaelinvs,ana L,,,2020-10-04 14:16:30,Twitter for iPhone,0,0,,,
56,o bom eh que se tiver de mÃ¡scara nÃ£o embaÃ§a a lente https://t.co/3QsGTSyNnw,75,1312758496690135040,fabiih_11,Eu,Paris,,2020-10-04 14:16:30,Twitter Web App,0,2786,,,
57,sorrir de mÃ¡scara achando que a pessoa ta vendo: ğŸ¤¡ğŸ¤¡ğŸ¤¡ğŸ¤¡ğŸ¤¡ğŸ¤¡ğŸ¤¡ğŸ¤¡ğŸ¤¡ğŸ¤¡ğŸ¤¡ğŸ¤¡ğŸ¤¡ğŸ¤¡ğŸ¤¡ğŸ¤¡ğŸ¤¡ğŸ¤¡ğŸ¤¡ğŸ¤¡ğŸ¤¡ğŸ¤¡ğŸ¤¡ğŸ¤¡ğŸ¤¡ğŸ¤¡ğŸ¤¡ğŸ¤¡ğŸ¤¡ğŸ¤¡ğŸ¤¡ğŸ¤¡ğŸ¤¡ğŸ¤¡ğŸ¤¡ğŸ¤¡ğŸ¤¡ğŸ¤¡ğŸ¤¡ğŸ¤¡ğŸ¤¡ğŸ¤¡ğŸ¤¡ğŸ¤¡ğŸ¤¡ğŸ¤¡ğŸ¤¡ğŸ¤¡ğŸ¤¡ğŸ¤¡ğŸ¤¡ğŸ¤¡ğŸ¤¡ğŸ¤¡,103,1312758494399991808,roberta02_,robertağŸ§šâ€â™€ï¸,,,2020-10-04 14:16:29,Twitter for Android,0,4682,,,
58,sorrir de mÃ¡scara achando que a pessoa ta vendo: ğŸ¤¡ğŸ¤¡ğŸ¤¡ğŸ¤¡ğŸ¤¡ğŸ¤¡ğŸ¤¡ğŸ¤¡ğŸ¤¡ğŸ¤¡ğŸ¤¡ğŸ¤¡ğŸ¤¡ğŸ¤¡ğŸ¤¡ğŸ¤¡ğŸ¤¡ğŸ¤¡ğŸ¤¡ğŸ¤¡ğŸ¤¡ğŸ¤¡ğŸ¤¡ğŸ¤¡ğŸ¤¡ğŸ¤¡ğŸ¤¡ğŸ¤¡ğŸ¤¡ğŸ¤¡ğŸ¤¡ğŸ¤¡ğŸ¤¡ğŸ¤¡ğŸ¤¡ğŸ¤¡ğŸ¤¡ğŸ¤¡ğŸ¤¡ğŸ¤¡ğŸ¤¡ğŸ¤¡ğŸ¤¡ğŸ¤¡ğŸ¤¡ğŸ¤¡ğŸ¤¡ğŸ¤¡ğŸ¤¡ğŸ¤¡ğŸ¤¡ğŸ¤¡ğŸ¤¡ğŸ¤¡,103,1312758494010003459,Kaikin01,áµâ´â±áµâ±â¿ğŸ¦ˆ,Piracicaba/SP TatuapÃ© II,,2020-10-04 14:16:29,Twitter for Android,0,3087,,,
59,7 meses de pandemia e eu ainda esqueÃ§o a mÃ¡scara quando estou saindo,68,1312758490130251776,garciaa_julinha,Julia Garcia,,,2020-10-04 14:16:28,Twitter for Android,0,3390,,,
60,Quando alguÃ©m sem mÃ¡scara chega perto de mim pra falar alguma coisa: https://t.co/5N5EC3xZh9,92,1312758477446623233,b3aolioti,bia!Â¡ ğŸ»,ğŸ³ï¸â€ğŸŒˆ,,2020-10-04 14:16:25,Twitter for Android,0,51,,,
61,"Rapaz, eu recebo mais cantada de mÃ¡scara do que sem mÃ¡scara. Preciso conversar com um cirurgiÃ£o plÃ¡stico... ğŸ˜‚ğŸ˜‚ğŸ˜‚",111,1312758466772168705,Maria21449662,MariaLacaille,,,2020-10-04 14:16:23,Twitter for Android,0,7,,,
62,pfv normalizem a mascara depois da pandemia eu adorei ficar sem mostrar metade do meu rosto,91,1312758460694630401,loremartinsc,lorena,,,2020-10-04 14:16:21,Twitter for iPhone,0,1273,,,
63,sorrir de mÃ¡scara achando que a pessoa ta vendo: ğŸ¤¡ğŸ¤¡ğŸ¤¡ğŸ¤¡ğŸ¤¡ğŸ¤¡ğŸ¤¡ğŸ¤¡ğŸ¤¡ğŸ¤¡ğŸ¤¡ğŸ¤¡ğŸ¤¡ğŸ¤¡ğŸ¤¡ğŸ¤¡ğŸ¤¡ğŸ¤¡ğŸ¤¡ğŸ¤¡ğŸ¤¡ğŸ¤¡ğŸ¤¡ğŸ¤¡ğŸ¤¡ğŸ¤¡ğŸ¤¡ğŸ¤¡ğŸ¤¡ğŸ¤¡ğŸ¤¡ğŸ¤¡ğŸ¤¡ğŸ¤¡ğŸ¤¡ğŸ¤¡ğŸ¤¡ğŸ¤¡ğŸ¤¡ğŸ¤¡ğŸ¤¡ğŸ¤¡ğŸ¤¡ğŸ¤¡ğŸ¤¡ğŸ¤¡ğŸ¤¡ğŸ¤¡ğŸ¤¡ğŸ¤¡ğŸ¤¡ğŸ¤¡ğŸ¤¡ğŸ¤¡,103,1312758459176235009,bfriisa,bfriisa,,,2020-10-04 14:16:21,Twitter for iPhone,0,4682,,,
64,minha amiga ta perguntando se da pra fazer exercÃ­cio com uma mÃ¡scara de oxigÃªnio???,83,1312758458626826247,imalagrino_,ivyssaur ğŸ¨,"Mooca, SÃ£o Paulo",,2020-10-04 14:16:21,Twitter for Android,0,0,,,
65,pfv normalizem a mascara depois da pandemia eu adorei ficar sem mostrar metade do meu rosto,91,1312758458169675776,aluisaana,toboiolak,,,2020-10-04 14:16:20,Twitter for Android,0,1273,,,
66,o bom eh que se tiver de mÃ¡scara nÃ£o embaÃ§a a lente https://t.co/3QsGTSyNnw,75,1312758453459464192,beirorii1,rbâ‡,bairro 13,,2020-10-04 14:16:19,Twitter Web App,0,2786,,,
67,pfv normalizem a mascara depois da pandemia eu adorei ficar sem mostrar metade do meu rosto,91,1312758450833809413,iluvhufflepuff,nini ğ”“˜ | ğŸ“š cinder,ela|dela ğŸŒŒ cabin6,,2020-10-04 14:16:19,Twitter for Android,0,1273,,,
68,"@pinaporra Ontem eu falei com uma menina na rua pensando que era tu, o pior Ã© que ela tava com a tua famÃ­lia e por trÃ¡s da mÃ¡scara eu nÃ£o vi direito. ğŸ¤£ğŸ¤£ğŸ¤£",153,1312758443242065920,karimme,KaribÃ© ğŸ”¥ #ED50 para PREFEITO DE BELÃ‰M,Ponte NÃ¡utica BELÃ‰M/MARAJÃ“,,2020-10-04 14:16:17,Twitter Web App,0,0,,,
69,"EstÃ¡ na hora de tirar a mÃ¡scara dos que usaram a pandemia para industrializar o pÃ¢nico, montar fraudes em sÃ©rie e roubar a liberdade do cidadÃ£o. NÃ£o Ã© mais questÃ£o de ciÃªncia. Ã‰ caso de polÃ­cia. (por @karinamichelin ) https://t.co/Grt0Im8ChJ",241,1312758436103417857,SergioCesar,Sergio Cesar,Sao Paulo,,2020-10-04 14:16:15,Twitter for Android,0,2427,,,
70,Quando alguÃ©m sem mÃ¡scara chega perto de mim pra falar alguma coisa: https://t.co/5N5EC3xZh9,92,1312758435214241799,Heyy_Maluuuh,Malu VAI VER O LOUIS,ğŸ‡§ğŸ‡·,,2020-10-04 14:16:15,Twitter for Android,0,51,,,
71,sorrir de mÃ¡scara achando que a pessoa ta vendo: ğŸ¤¡ğŸ¤¡ğŸ¤¡ğŸ¤¡ğŸ¤¡ğŸ¤¡ğŸ¤¡ğŸ¤¡ğŸ¤¡ğŸ¤¡ğŸ¤¡ğŸ¤¡ğŸ¤¡ğŸ¤¡ğŸ¤¡ğŸ¤¡ğŸ¤¡ğŸ¤¡ğŸ¤¡ğŸ¤¡ğŸ¤¡ğŸ¤¡ğŸ¤¡ğŸ¤¡ğŸ¤¡ğŸ¤¡ğŸ¤¡ğŸ¤¡ğŸ¤¡ğŸ¤¡ğŸ¤¡ğŸ¤¡ğŸ¤¡ğŸ¤¡ğŸ¤¡ğŸ¤¡ğŸ¤¡ğŸ¤¡ğŸ¤¡ğŸ¤¡ğŸ¤¡ğŸ¤¡ğŸ¤¡ğŸ¤¡ğŸ¤¡ğŸ¤¡ğŸ¤¡ğŸ¤¡ğŸ¤¡ğŸ¤¡ğŸ¤¡ğŸ¤¡ğŸ¤¡ğŸ¤¡,103,1312758432022265856,CacauNtzl,Izadola,"EspÃ­rito Santo, Brasil",,2020-10-04 14:16:14,Twitter Web App,0,4682,,,
72,sorrir de mÃ¡scara achando que a pessoa ta vendo: ğŸ¤¡ğŸ¤¡ğŸ¤¡ğŸ¤¡ğŸ¤¡ğŸ¤¡ğŸ¤¡ğŸ¤¡ğŸ¤¡ğŸ¤¡ğŸ¤¡ğŸ¤¡ğŸ¤¡ğŸ¤¡ğŸ¤¡ğŸ¤¡ğŸ¤¡ğŸ¤¡ğŸ¤¡ğŸ¤¡ğŸ¤¡ğŸ¤¡ğŸ¤¡ğŸ¤¡ğŸ¤¡ğŸ¤¡ğŸ¤¡ğŸ¤¡ğŸ¤¡ğŸ¤¡ğŸ¤¡ğŸ¤¡ğŸ¤¡ğŸ¤¡ğŸ¤¡ğŸ¤¡ğŸ¤¡ğŸ¤¡ğŸ¤¡ğŸ¤¡ğŸ¤¡ğŸ¤¡ğŸ¤¡ğŸ¤¡ğŸ¤¡ğŸ¤¡ğŸ¤¡ğŸ¤¡ğŸ¤¡ğŸ¤¡ğŸ¤¡ğŸ¤¡ğŸ¤¡ğŸ¤¡,103,1312758431384829958,Tatazinhadugrau,mulher maravilha ğŸ™…,"Bh city, BR",,2020-10-04 14:16:14,Twitter for Android,0,4682,,,
73,"Cai a mÃ¡scara dos charlatÃ£es! Compraram cloroquina com preÃ§o superfaturado em 6x (representaÃ§Ã£o no TCU), mentiram pro povo, mataram gente, constrangeram profissionais de saÃºde e agora fica claro q a cloroquina nÃ£o estÃ¡ sendo usada pelo presidente dos EUA! https://t.co/bXxKc7s2ok",279,1312758426032836608,JoseAugustoNun5,Jose Augusto Nunes,,,2020-10-04 14:16:13,Twitter for Android,0,1018,,,
74,sorrir de mÃ¡scara achando que a pessoa ta vendo: ğŸ¤¡ğŸ¤¡ğŸ¤¡ğŸ¤¡ğŸ¤¡ğŸ¤¡ğŸ¤¡ğŸ¤¡ğŸ¤¡ğŸ¤¡ğŸ¤¡ğŸ¤¡ğŸ¤¡ğŸ¤¡ğŸ¤¡ğŸ¤¡ğŸ¤¡ğŸ¤¡ğŸ¤¡ğŸ¤¡ğŸ¤¡ğŸ¤¡ğŸ¤¡ğŸ¤¡ğŸ¤¡ğŸ¤¡ğŸ¤¡ğŸ¤¡ğŸ¤¡ğŸ¤¡ğŸ¤¡ğŸ¤¡ğŸ¤¡ğŸ¤¡ğŸ¤¡ğŸ¤¡ğŸ¤¡ğŸ¤¡ğŸ¤¡ğŸ¤¡ğŸ¤¡ğŸ¤¡ğŸ¤¡ğŸ¤¡ğŸ¤¡ğŸ¤¡ğŸ¤¡ğŸ¤¡ğŸ¤¡ğŸ¤¡ğŸ¤¡ğŸ¤¡ğŸ¤¡ğŸ¤¡,103,1312758421108776964,Coe_liviaa,prince$$ğŸ’,bxd,,2020-10-04 14:16:12,Twitter for iPhone,0,4682,,,
75,"@srgomesoliveira @conservadoratha Excelente ideia, jÃ¡ que concordamos em sabotar o uso de mÃ¡scara, levantarmos a #votarsemmascara.",130,1312758407456264192,Everton53400922,Everton Alves,,,2020-10-04 14:16:08,Twitter for Android,0,0,,,
76,O fenÃ´meno da pessoa sÃ³ de sunga e mÃ¡scara no mercado.,54,1312758403337539585,shai_heringer,shai,"Cabo Frio, Brasil",,2020-10-04 14:16:07,Twitter for Android,0,0,,,
77,sorrir de mÃ¡scara achando que a pessoa ta vendo: ğŸ¤¡ğŸ¤¡ğŸ¤¡ğŸ¤¡ğŸ¤¡ğŸ¤¡ğŸ¤¡ğŸ¤¡ğŸ¤¡ğŸ¤¡ğŸ¤¡ğŸ¤¡ğŸ¤¡ğŸ¤¡ğŸ¤¡ğŸ¤¡ğŸ¤¡ğŸ¤¡ğŸ¤¡ğŸ¤¡ğŸ¤¡ğŸ¤¡ğŸ¤¡ğŸ¤¡ğŸ¤¡ğŸ¤¡ğŸ¤¡ğŸ¤¡ğŸ¤¡ğŸ¤¡ğŸ¤¡ğŸ¤¡ğŸ¤¡ğŸ¤¡ğŸ¤¡ğŸ¤¡ğŸ¤¡ğŸ¤¡ğŸ¤¡ğŸ¤¡ğŸ¤¡ğŸ¤¡ğŸ¤¡ğŸ¤¡ğŸ¤¡ğŸ¤¡ğŸ¤¡ğŸ¤¡ğŸ¤¡ğŸ¤¡ğŸ¤¡ğŸ¤¡ğŸ¤¡ğŸ¤¡,103,1312758402016305152,_mazuju_,ju lia nÃ£o lÃª mais,"BrasÃ­lia, Brasil",,2020-10-04 14:16:07,Twitter for Android,0,4682,,,
78,sorrir de mÃ¡scara achando que a pessoa ta vendo: ğŸ¤¡ğŸ¤¡ğŸ¤¡ğŸ¤¡ğŸ¤¡ğŸ¤¡ğŸ¤¡ğŸ¤¡ğŸ¤¡ğŸ¤¡ğŸ¤¡ğŸ¤¡ğŸ¤¡ğŸ¤¡ğŸ¤¡ğŸ¤¡ğŸ¤¡ğŸ¤¡ğŸ¤¡ğŸ¤¡ğŸ¤¡ğŸ¤¡ğŸ¤¡ğŸ¤¡ğŸ¤¡ğŸ¤¡ğŸ¤¡ğŸ¤¡ğŸ¤¡ğŸ¤¡ğŸ¤¡ğŸ¤¡ğŸ¤¡ğŸ¤¡ğŸ¤¡ğŸ¤¡ğŸ¤¡ğŸ¤¡ğŸ¤¡ğŸ¤¡ğŸ¤¡ğŸ¤¡ğŸ¤¡ğŸ¤¡ğŸ¤¡ğŸ¤¡ğŸ¤¡ğŸ¤¡ğŸ¤¡ğŸ¤¡ğŸ¤¡ğŸ¤¡ğŸ¤¡ğŸ¤¡,103,1312758399944228866,Stela_Borgess,ğŸ‡¾ğŸ‡ª É|É™Ê‡s,,,2020-10-04 14:16:07,Twitter for iPhone,0,3087,,,
79,muito fofa a minha mÃ£e fazendo mÃ¡scara de argila comigo,55,1312758396681179136,Debleta,cadelinha da amazon,NÃ¡rnia,,2020-10-04 14:16:06,Twitter for Android,0,0,,,
80,"A mÃ¡scara do mito caiu quando ele nomeou Aras, nÃ£o agora . Ali eu jÃ¡ virei oposiÃ§Ã£o ferrenha , mesmo com Moro no governo.  Quem continuou apoiando depois da saÃ­da do Moro nÃ£o vale nada igual. Da mesma laia.",206,1312758386845507586,reis_marilete,Marilete Reis,,,2020-10-04 14:16:03,Twitter for iPhone,0,19,,,
81,sorrir de mÃ¡scara achando que a pessoa ta vendo: ğŸ¤¡ğŸ¤¡ğŸ¤¡ğŸ¤¡ğŸ¤¡ğŸ¤¡ğŸ¤¡ğŸ¤¡ğŸ¤¡ğŸ¤¡ğŸ¤¡ğŸ¤¡ğŸ¤¡ğŸ¤¡ğŸ¤¡ğŸ¤¡ğŸ¤¡ğŸ¤¡ğŸ¤¡ğŸ¤¡ğŸ¤¡ğŸ¤¡ğŸ¤¡ğŸ¤¡ğŸ¤¡ğŸ¤¡ğŸ¤¡ğŸ¤¡ğŸ¤¡ğŸ¤¡ğŸ¤¡ğŸ¤¡ğŸ¤¡ğŸ¤¡ğŸ¤¡ğŸ¤¡ğŸ¤¡ğŸ¤¡ğŸ¤¡ğŸ¤¡ğŸ¤¡ğŸ¤¡ğŸ¤¡ğŸ¤¡ğŸ¤¡ğŸ¤¡ğŸ¤¡ğŸ¤¡ğŸ¤¡ğŸ¤¡ğŸ¤¡ğŸ¤¡ğŸ¤¡ğŸ¤¡,103,1312758379429888000,ohGod_bea,beatriz com B de ğŸ‘‰bÉ™Sta ğŸ‘ˆ,fodendo meu psicolÃ³gico ,,2020-10-04 14:16:02,Twitter for Android,0,4682,,,
82,Ela Ã© tÃ£o linda mas tipo mÃ¡scara com buracos lana? ğŸ˜‘ https://t.co/mNuWSepFrb,76,1312758373214031878,beatrizco5ta,bea,,,2020-10-04 14:16:00,Twitter for Android,0,2,,,
83,"Pra mim ta super Ã³timo vou seguir sendo fÃ£ dela, msm que ela faÃ§a atitudes incoerentes como aquela da mÃ¡scara. E esse negÃ³cio de hates eu tÃ´ pouco me lascando quase nÃ£o mexendo no tt e nao to vendo isso https://t.co/tSeXE1OFgC",226,1312758369351077894,styIesfree,jao vituğŸŠ| á´ Éªá´ÊŸá´‡á´› Ê™sá´¡á´€,,,2020-10-04 14:15:59,Twitter for Android,0,0,,,
84,Muito legal que mesmo de mÃ¡scara da pra perceber que ele sorriu ğŸ¥ºğŸ’š https://t.co/EgCLKFm5Pc,90,1312758369141358593,sepanna_,anna,@AllianzParque,,2020-10-04 14:15:59,Twitter for iPhone,0,1,,,
85,o bom eh que se tiver de mÃ¡scara nÃ£o embaÃ§a a lente https://t.co/3QsGTSyNnw,75,1312758361654546432,decozeiro,oÉ”É™Ï,"Olinda, Brasil",,2020-10-04 14:15:57,Twitter for iPhone,0,2786,,,
86,"N aguento mais passar batom p sair e esquecer q no uber tenho q usar mÃ¡scara, atÃ© quando senhor",95,1312758356864643073,coerafete,rafa,021,,2020-10-04 14:15:56,Twitter for Android,0,0,,,
87,@ilyaribut Amg ele postou dono todo de mÃ¡scara e parece estar em um aeroporto https://t.co/pSQacjPnDp,101,1312758349788831746,stuckwitharixna,filype ğŸ¦‡,,,2020-10-04 14:15:55,Twitter for Android,0,0,,,
88,"Eu: moÃ§o, coloca a mÃ¡scara, por favor? Uber: senhora, calma, nÃ£o Ã© pra tanto Eu: moÃ§o, sou mÃ©dica, trabalho em CTI da Covid e to tentando proteger vocÃª. Tinham uns 20 hj lÃ¡  Colocou a mÃ¡scara em 1/2 segundo. Uma nova vida baseada em aterrorizar pra proteger  Sou mÃ©dica nada",274,1312758345472847874,dixxReis,Nanny,"Volta Redonda, Brasil",,2020-10-04 14:15:54,Twitter for iPhone,0,23943,,,
89,"@Glauber_Braga Caro  deputado,  Ainda nos resta forma e conteÃºdo para livrar o paÃ­s da dossiecracia transnacional e lutar de verdade pela nossa soberania. Que tal pautar o #BanestadoLeaks #OdebrechtPapers e #UmbrellaDeal? Ou vai tirar a ""mÃ¡scara"" apenas para usar o megafone? @duploexpresso https://t.co/5vtLYTCzBQ",314,1312758334638915584,de_kamimura,Vitor Kamimura,,,2020-10-04 14:15:51,Twitter for Android,0,0,,,
90,Acabei de ver um barraco ao vivo KKKKKK ainda bem q eu estava de mÃ¡scara KKKKKK berroo,86,1312758331417690113,Laryssapaiva01,Lary P.,BrasÃ­lia,,2020-10-04 14:15:50,Twitter for Android,0,0,,,
91,pfv normalizem a mascara depois da pandemia eu adorei ficar sem mostrar metade do meu rosto,91,1312758327890280448,wildeswift_,ğ´ğ‘™ğ‘™ğ‘’ ğŸ—ï¸,morta,,2020-10-04 14:15:49,Twitter for Android,0,1273,,,
92,pfv normalizem a mascara depois da pandemia eu adorei ficar sem mostrar metade do meu rosto,91,1312758319929581572,madsxgrey,Y SOY REBELDE,supernatural ,,2020-10-04 14:15:47,Twitter for iPhone,0,1273,,,
93,Eu sonhei que tinha saÃ­do sem mÃ¡scara na rua.,45,1312758314825142280,Brbudinh0,barbudinho,"SÃ£o Paulo, Brasil",,2020-10-04 14:15:46,Twitter for iPhone,0,0,,,"Place(_api=<tweepy.api.API object at 0x7f2328e79be0>, id='68e019afec7d0ba5', url='https://api.twitter.com/1.1/geo/id/68e019afec7d0ba5.json', place_type='city', name='Sao Paulo', full_name='Sao Paulo, Brazil', country_code='BR', country='Brazil', contained_within=[], bounding_box=BoundingBox(_api=<tweepy.api.API object at 0x7f2328e79be0>, type='Polygon', coordinates=[[[-46.826039, -24.008814], [-46.365052, -24.008814], [-46.365052, -23.356792], [-46.826039, -23.356792]]]), attributes={})"
94,agora tu imagina um calor desse em janeiro com escolas que nÃ£o tem ar condicionado tendo que usar mÃ¡scara pra fazer o enem sim confia que isso vai dÃ¡ certo,155,1312758314044928001,baeksrg,sthe,,,2020-10-04 14:15:46,Twitter for Android,0,19644,,,
95,"HOJE TEM #ProtestoNoArruda!  ğŸ“… Hoje (domingo), 15h30 ğŸ“Œ EstÃ¡dio do Arruda âœŠ Pela aprovaÃ§Ã£o do estatuto, democratizaÃ§Ã£o e modernizaÃ§Ã£o do Santa Cruz e fim da ditadura que existe hÃ¡ anos no clube. ğŸ˜· MÃ¡scara, Ã¡lcool em gel e distanciamento.  Vamos!",244,1312758306230931457,Alisson_Luka,Alisson Lucas,,,2020-10-04 14:15:44,Twitter for Android,0,29,,,
96,sorrir de mÃ¡scara achando que a pessoa ta vendo: ğŸ¤¡ğŸ¤¡ğŸ¤¡ğŸ¤¡ğŸ¤¡ğŸ¤¡ğŸ¤¡ğŸ¤¡ğŸ¤¡ğŸ¤¡ğŸ¤¡ğŸ¤¡ğŸ¤¡ğŸ¤¡ğŸ¤¡ğŸ¤¡ğŸ¤¡ğŸ¤¡ğŸ¤¡ğŸ¤¡ğŸ¤¡ğŸ¤¡ğŸ¤¡ğŸ¤¡ğŸ¤¡ğŸ¤¡ğŸ¤¡ğŸ¤¡ğŸ¤¡ğŸ¤¡ğŸ¤¡ğŸ¤¡ğŸ¤¡ğŸ¤¡ğŸ¤¡ğŸ¤¡ğŸ¤¡ğŸ¤¡ğŸ¤¡ğŸ¤¡ğŸ¤¡ğŸ¤¡ğŸ¤¡ğŸ¤¡ğŸ¤¡ğŸ¤¡ğŸ¤¡ğŸ¤¡ğŸ¤¡ğŸ¤¡ğŸ¤¡ğŸ¤¡ğŸ¤¡ğŸ¤¡,103,1312758305803165698,leah34016910,otaria ğŸ˜­ğŸ¤¦ğŸ»â€â™€ï¸,"Boston, MA",,2020-10-04 14:15:44,Twitter for iPhone,0,4682,,,
97,o bom eh que se tiver de mÃ¡scara nÃ£o embaÃ§a a lente https://t.co/3QsGTSyNnw,75,1312758299629162499,mariixxxxxx,"eu sou incrÃ­vel, incrÃ­velmente idiota â¤ï¸",,,2020-10-04 14:15:43,Twitter for Android,0,2786,,,
98,pfv normalizem a mascara depois da pandemia eu adorei ficar sem mostrar metade do meu rosto,91,1312758297649348609,Louisonlytheone,WallsğŸ‘»ğŸƒ,"MacapÃ¡, Brasil",,2020-10-04 14:15:42,Twitter Web App,0,1273,,,
99,o bom eh que se tiver de mÃ¡scara nÃ£o embaÃ§a a lente https://t.co/3QsGTSyNnw,75,1312758288044482566,euleticix__,LetÃ­cia,,,2020-10-04 14:15:40,Twitter for Android,0,2786,,,
100,o bom eh que se tiver de mÃ¡scara nÃ£o embaÃ§a a lente https://t.co/3QsGTSyNnw,75,1312758281090281472,maelcentrismo,Boca Santa,,,2020-10-04 14:15:38,Twitter for Android,0,2786,,,
101,eu ğŸ¤ atirar beijos as pessoas com mÃ¡scara kk,44,1312758272060018688,simara03,Simara,,,2020-10-04 14:15:36,Twitter for Android,0,3137,,,
102,pfv normalizem a mascara depois da pandemia eu adorei ficar sem mostrar metade do meu rosto,91,1312758268784267264,hopevz,â€â€Ù‹,hufflepuff,,2020-10-04 14:15:35,Twitter for Android,0,1273,,,
103,Como estamos de moda outono/inverno 2020? A mÃ¡scara tÃªm que combinar com o outfit?,82,1312758265470742528,SimJo95,J,,,2020-10-04 14:15:35,Twitter Web App,0,1,,,
104,pfv normalizem a mascara depois da pandemia eu adorei ficar sem mostrar metade do meu rosto,91,1312758265214836741,sci_Korschner,TonhÄo ColoradoÂ¹â¹â°â¹ğŸ‡¦ğŸ‡¹,RS,,2020-10-04 14:15:34,Twitter for Android,0,1273,,,
105,pfv normalizem a mascara depois da pandemia eu adorei ficar sem mostrar metade do meu rosto,91,1312758252971659267,welc0met0trench,yasmim ğŸƒğŸ•·ï¸,yunmeng,,2020-10-04 14:15:32,Twitter for Android,0,1273,,,
106,@russian_lil_gal @azmwill7 vai la esquentar ela mas n esquece a proteÃ§Ã£o   ande sempre de mascara,97,1312758250329305089,Piraanho,Piranho,Portugal,,2020-10-04 14:15:31,Twitter for Android,2,0,,,
107,vcs acham ruim usar mÃ¡scara na rua? pois eu to tendo que usar dentro de casa,76,1312758243987464194,fer_fsm,fer,BRASIL,,2020-10-04 14:15:29,Twitter for iPhone,0,0,,,
108,as clientes lÃ¡ na loja com mÃ¡scara de crochÃª https://t.co/dqfQ4tBgx9,68,1312758242410467328,aqltomdeazul,zoey johnson,Aqui,,2020-10-04 14:15:29,Twitter for iPhone,0,0,,,
109,pfv normalizem a mascara depois da pandemia eu adorei ficar sem mostrar metade do meu rosto,91,1312758240543899648,camieexpect,á´€Ê€Éªá´‡ÊŸÂ¾,bigender ğŸ“Œ,,2020-10-04 14:15:29,Twitter for Android,0,1273,,,
110,Quando alguÃ©m sem mÃ¡scara chega perto de mim pra falar alguma coisa: https://t.co/5N5EC3xZh9,92,1312758238031630337,Guilermi_PR,GuilÃ©rmiğŸ‘¾,,,2020-10-04 14:15:28,Twitter for Android,0,51,,,
111,"Bom dia para quem, assim como eu, NÃƒO SUPORTA MAIS usar essa maldita MÃSCARA.",77,1312758235242401792,ReinaldoLuizCa2,Reinaldo Luiz Campos,,,2020-10-04 14:15:27,Twitter for iPhone,0,592,,,
112,"sabe o que eu tava pensando, a dua ela ficou tipo a quarentena inteira sem mÃ¡scara e saindo, ai todo mundo "" haaha terror da oms "", essas coisas, estou dizendo que ela merece hate ? nÃ£o, mas pq com a lana o povo massacra ela, e coma dua por exemplo Ã© mais "" leve "", tipo eu sei+",278,1312758231396167681,dearbrunnaa,Brenda Â¯\_(ãƒ„)_/Â¯,ğ‡ğšğ«ğ«ğ² ğğ¨ğ­ğ­ğğ«*â€¢.Â¸â™¡ ,,2020-10-04 14:15:26,Twitter for Android,0,14,,,
113,agora tu imagina um calor desse em janeiro com escolas que nÃ£o tem ar condicionado tendo que usar mÃ¡scara pra fazer o enem sim confia que isso vai dÃ¡ certo,155,1312758225528332293,maluh_twx,luiza sempre triste,"SÃ£o LuÃ­s, Brasil",,2020-10-04 14:15:25,Twitter Web App,0,19644,,,
114,o bom eh que se tiver de mÃ¡scara nÃ£o embaÃ§a a lente https://t.co/3QsGTSyNnw,75,1312758220612665350,docinho_0,eu odeio mamao,,,2020-10-04 14:15:24,Twitter for iPhone,0,2786,,,
115,Quando alguÃ©m sem mÃ¡scara chega perto de mim pra falar alguma coisa: https://t.co/5N5EC3xZh9,92,1312758218230304768,leticiahlh,L-EAZY,Bsb,,2020-10-04 14:15:23,Twitter for iPhone,0,51,,,
116,O presidente do USA tem tudo isso de proteÃ§Ã£o e o atual tÃ¡ internado por algo q se previne com higiene bÃ¡sica e mÃ¡scara https://t.co/m8TGBgbjNM,143,1312758217521459200,Andy_Srdg,Andy ~,,,2020-10-04 14:15:23,Twitter Web App,0,0,,,
117,Xingamentos do futuro:   E teu pai que usava mÃ¡scara atÃ© quando tava sozinho no carro,85,1312758216531509248,Pixote_RJ,Leonardo Farias,Rio de Janeiro. Brasil,,2020-10-04 14:15:23,Twitter Web App,0,2151,,,
118,gente rapidÃ£o qual a dificuldade de por o nariz DENTRO da mÃ¡scara???,68,1312758212836327424,marianadesouuza,Mariana,Floripa,,2020-10-04 14:15:22,Twitter for iPhone,1,0,,,
119,o bom eh que se tiver de mÃ¡scara nÃ£o embaÃ§a a lente https://t.co/3QsGTSyNnw,75,1312758209418067974,emiierre,ğ‘œÌ‚â„ ğ‘Ÿğ‘–ğ‘¡ğ‘,,,2020-10-04 14:15:21,Twitter for iPhone,0,2786,,,
120,pfv normalizem a mascara depois da pandemia eu adorei ficar sem mostrar metade do meu rosto,91,1312758206108700672,dirctsweet,ğ–‰ğ–š ğŸŒ»âš¡ ğ’˜ğ’Šğ’ğ’ ğ’”ğ’†ğ’† ğ’ğ’ğ’–ğ’Šğ’”,ğš™ğš›ğš’ğš—ğšŒğšğšœğšœ ğš™ğšŠğš›k,,2020-10-04 14:15:20,Twitter for Android,0,1273,,,
121,pfv normalizem a mascara depois da pandemia eu adorei ficar sem mostrar metade do meu rosto,91,1312758204288454657,dinizbiaa_,ğ•­ğ–Šğ–† ğ–‰ğ–ğ–“ğ–ğ–Ÿ,no seu coraÃ§Ã£o,,2020-10-04 14:15:20,Twitter for Android,0,1273,,,
122,Quando alguÃ©m sem mÃ¡scara chega perto de mim pra falar alguma coisa: https://t.co/5N5EC3xZh9,92,1312758195623006221,mariano_soso,Ñ•Î¿ÏĞ½Î¹Î±,"petrÃ³polis, rj",,2020-10-04 14:15:18,Twitter Web App,0,51,,,
123,o bom eh que se tiver de mÃ¡scara nÃ£o embaÃ§a a lente https://t.co/3QsGTSyNnw,75,1312758191671914496,daniela_fm99,Daniela Martinho,,,2020-10-04 14:15:17,Twitter for Android,0,2786,,,
124,pfv normalizem a mascara depois da pandemia eu adorei ficar sem mostrar metade do meu rosto,91,1312758185149825026,wondercbllo,Maria Clara ğŸ³ï¸â€ğŸŒˆâƒ¤ || WONDER || â™¡â€™s Shawn:: ğŸ¡â¤ï¸,,,2020-10-04 14:15:15,Twitter for iPhone,0,1273,,,
125,essa mÃ¡scara ğŸ—£ https://t.co/QRJg01WsMb,38,1312758184696852481,naloesa,nalu possÃ­vel,asterÃ³ide B 612,,2020-10-04 14:15:15,Twitter for iPhone,0,620,,,
126,sorrir de mÃ¡scara achando que a pessoa ta vendo: ğŸ¤¡ğŸ¤¡ğŸ¤¡ğŸ¤¡ğŸ¤¡ğŸ¤¡ğŸ¤¡ğŸ¤¡ğŸ¤¡ğŸ¤¡ğŸ¤¡ğŸ¤¡ğŸ¤¡ğŸ¤¡ğŸ¤¡ğŸ¤¡ğŸ¤¡ğŸ¤¡ğŸ¤¡ğŸ¤¡ğŸ¤¡ğŸ¤¡ğŸ¤¡ğŸ¤¡ğŸ¤¡ğŸ¤¡ğŸ¤¡ğŸ¤¡ğŸ¤¡ğŸ¤¡ğŸ¤¡ğŸ¤¡ğŸ¤¡ğŸ¤¡ğŸ¤¡ğŸ¤¡ğŸ¤¡ğŸ¤¡ğŸ¤¡ğŸ¤¡ğŸ¤¡ğŸ¤¡ğŸ¤¡ğŸ¤¡ğŸ¤¡ğŸ¤¡ğŸ¤¡ğŸ¤¡ğŸ¤¡ğŸ¤¡ğŸ¤¡ğŸ¤¡ğŸ¤¡ğŸ¤¡,103,1312758179873411075,marininhapradoo,honeyğŸ’–,,,2020-10-04 14:15:14,Twitter for iPhone,0,3087,,,
127,Quando alguÃ©m sem mÃ¡scara chega perto de mim pra falar alguma coisa: https://t.co/5N5EC3xZh9,92,1312758179709759489,Anafilipa1904,Ana Filipa ğŸ¦‹,"Lisboa, Portugal",,2020-10-04 14:15:14,Twitter for iPhone,0,51,,,
128,"@Madalen06663108 Depois que fui contaminada , sÃ³ uso a  mÃ¡scara em comÃ©rcios e na rua.",86,1312758172042567680,Antonia60575779,Antoniaolivei35 #FechadoComBolsonaro,,,2020-10-04 14:15:12,Twitter for Android,0,0,,,
129,a mina sem mÃ¡scara dentro do estabelecimento espirra e logo em seguida pega no dinheiro e me dÃ¡ pqp,99,1312758163083587587,Juh_Ismara,Ismara,,,2020-10-04 14:15:10,Twitter for iPhone,0,0,,,
130,agora tu imagina um calor desse em janeiro com escolas que nÃ£o tem ar condicionado tendo que usar mÃ¡scara pra fazer o enem sim confia que isso vai dÃ¡ certo,155,1312758155491901443,theVampireLuan,ğ’ğ’‚ğ’ğ’ğ’š ğ’ğ’ğ’—ğ’†ğ’” ğ’ğ’–ğ’‚ğ’ğŸ¦,ğ’ğ’šğ’”ğ’•ğ’Šğ’„ ğ’‡ğ’‚ğ’ğ’ğ’”,,2020-10-04 14:15:08,Twitter for iPhone,0,19644,,,
131,Quando alguÃ©m sem mÃ¡scara chega perto de mim pra falar alguma coisa: https://t.co/5N5EC3xZh9,92,1312758149892444160,Le_Cley,Cleyâœ¨,Sou carioca mesxxxmo!,,2020-10-04 14:15:07,Twitter for Android,0,51,,,
132,acorda de ressaca e jura de pÃ© junto que tÃ¡ com dor de cabeÃ§a porque da mÃ¡scara e do Ã³culos kkkkkkkkkkk,103,1312758149531815936,wingspj,Ö¶Ö¶Ö¸Ö¸Ö¢ÖªÖ¢Öª,ğ’¦ğ’¾ğ“ƒğ‘” ğ“ğ‘œğ“Šğ’¾ğ“ˆ ,,2020-10-04 14:15:07,Twitter for Android,0,0,,,
133,sorrir de mÃ¡scara achando que a pessoa ta vendo: ğŸ¤¡ğŸ¤¡ğŸ¤¡ğŸ¤¡ğŸ¤¡ğŸ¤¡ğŸ¤¡ğŸ¤¡ğŸ¤¡ğŸ¤¡ğŸ¤¡ğŸ¤¡ğŸ¤¡ğŸ¤¡ğŸ¤¡ğŸ¤¡ğŸ¤¡ğŸ¤¡ğŸ¤¡ğŸ¤¡ğŸ¤¡ğŸ¤¡ğŸ¤¡ğŸ¤¡ğŸ¤¡ğŸ¤¡ğŸ¤¡ğŸ¤¡ğŸ¤¡ğŸ¤¡ğŸ¤¡ğŸ¤¡ğŸ¤¡ğŸ¤¡ğŸ¤¡ğŸ¤¡ğŸ¤¡ğŸ¤¡ğŸ¤¡ğŸ¤¡ğŸ¤¡ğŸ¤¡ğŸ¤¡ğŸ¤¡ğŸ¤¡ğŸ¤¡ğŸ¤¡ğŸ¤¡ğŸ¤¡ğŸ¤¡ğŸ¤¡ğŸ¤¡ğŸ¤¡ğŸ¤¡,103,1312758139570319361,Pedrin_fc7,ğ‘«ğ’† ğ‘´ğ’†ğ’ğ’†ğ’›ğ’†ğ’”7ï¸âƒ£,,,2020-10-04 14:15:04,Twitter for Android,0,4682,,,
134,Um salve pra quem tem uma mascara da Akatsuki https://t.co/mcweHXbTSt,69,1312758138278420482,Gui69982872,Guiii,"GoiÃ¢nia, Brazil",,2020-10-04 14:15:04,Twitter for Android,0,0,,,
135,pfv normalizem a mascara depois da pandemia eu adorei ficar sem mostrar metade do meu rosto,91,1312758131596898305,jenniewars,ğ’ğğ«ğğ§ğšğŸ•·ï¸,ã…¤ êˆ ğŸ«ğŸ¤Â  Â â Â  Â ç­” â €ğ“ˆ’ Â  â™¡Ì¶,,2020-10-04 14:15:03,Twitter for Android,0,1273,,,
136,sorrir de mÃ¡scara achando que a pessoa ta vendo: ğŸ¤¡ğŸ¤¡ğŸ¤¡ğŸ¤¡ğŸ¤¡ğŸ¤¡ğŸ¤¡ğŸ¤¡ğŸ¤¡ğŸ¤¡ğŸ¤¡ğŸ¤¡ğŸ¤¡ğŸ¤¡ğŸ¤¡ğŸ¤¡ğŸ¤¡ğŸ¤¡ğŸ¤¡ğŸ¤¡ğŸ¤¡ğŸ¤¡ğŸ¤¡ğŸ¤¡ğŸ¤¡ğŸ¤¡ğŸ¤¡ğŸ¤¡ğŸ¤¡ğŸ¤¡ğŸ¤¡ğŸ¤¡ğŸ¤¡ğŸ¤¡ğŸ¤¡ğŸ¤¡ğŸ¤¡ğŸ¤¡ğŸ¤¡ğŸ¤¡ğŸ¤¡ğŸ¤¡ğŸ¤¡ğŸ¤¡ğŸ¤¡ğŸ¤¡ğŸ¤¡ğŸ¤¡ğŸ¤¡ğŸ¤¡ğŸ¤¡ğŸ¤¡ğŸ¤¡ğŸ¤¡,103,1312758130640646145,ngdx_bea,BeğŸ¦‹,,,2020-10-04 14:15:02,Twitter for Android,0,3087,,,
137,o bom eh que se tiver de mÃ¡scara nÃ£o embaÃ§a a lente https://t.co/3QsGTSyNnw,75,1312758129436823555,EdenBoyz888,AUSâœºTRALOPITECUS,,,2020-10-04 14:15:02,Twitter for Android,0,2786,,,
138,odeio usar mÃ¡scara mas ja me acostumei a nn mostrar mais o rosto,64,1312758126370848768,sunflower8714,clueless,ela/dela,,2020-10-04 14:15:01,Twitter for Android,0,0,,,
139,pfv normalizem a mascara depois da pandemia eu adorei ficar sem mostrar metade do meu rosto,91,1312758119735472128,biacanaca,ğ”Ÿ,,,2020-10-04 14:15:00,Twitter for Android,0,1273,,,
140,pfv normalizem a mascara depois da pandemia eu adorei ficar sem mostrar metade do meu rosto,91,1312758117474676736,havanaxfairy,fefa,Cornelia Street,,2020-10-04 14:14:59,Twitter for Android,0,1273,,,
141,@ariiiannetavora O passado sÃ³ eu tava de mÃ¡scara kkkk,53,1312758116774277121,kamyscoimbraa,KAMYLLA COIMBRA ğŸ¥¾,MacapÃ¡ - AmapÃ¡ - Brasil,,2020-10-04 14:14:59,Twitter for Android,0,0,,,
142,"@diguinobrabo @liljack77 haa zz o povo so chega de mascara no bar,chega la e tira,ngm bebe de mascara,ngm come de mascara",121,1312758112307294209,caiooo__vinii,caioziinn,vivendo e se fudendo,,2020-10-04 14:14:58,Twitter for Android,0,0,,,
143,@_keenia ImpossÃ­vel ir para uma festa de mÃ¡scara lkkkkkk mas infelizmente as pessoas nÃ£o tem a mÃ­nima noÃ§Ã£o das coisas e agora que tÃ¡ voltando tudo ao â€˜â€™ normal â€œ vai sÃ³ piorar a situaÃ§Ã£o,187,1312758107009884160,NetiValim,Neti L,,,2020-10-04 14:14:57,Twitter for iPhone,1,1,,,
144,De noite a mina vai pra tudo quanto Ã© lugar e posta 700 stories De manhÃ£ posta stories de mÃ¡scara  Pra que? JÃ¡ aglomerou pra caralho! O vÃ­rus sÃ³ ataca de dia Ã´ fdp?,164,1312758105801977856,GustaRhymez,Gustavo Martins,"Rio de Janeiro, Brasil",,2020-10-04 14:14:56,Twitter for Android,0,0,,,
145,agora tu imagina um calor desse em janeiro com escolas que nÃ£o tem ar condicionado tendo que usar mÃ¡scara pra fazer o enem sim confia que isso vai dÃ¡ certo,155,1312758093252571138,Crf_Julia100,JuliağŸ˜š,"Rio de Janeiro, Brasil",,2020-10-04 14:14:53,Twitter for Android,0,19644,,,
146,Bota a mÃ¡scara que hoje tem festa de famÃ­lia,44,1312758084331360266,Furiasart,FÃºrias,"Minas Gerais, Brasil",,2020-10-04 14:14:51,Twitter for Android,1,0,,,
147,pfv normalizem a mascara depois da pandemia eu adorei ficar sem mostrar metade do meu rosto,91,1312758073577164802,kaykinhodeuso,kayk,,,2020-10-04 14:14:49,Twitter for iPhone,0,1273,,,
148,o bom eh que se tiver de mÃ¡scara nÃ£o embaÃ§a a lente https://t.co/3QsGTSyNnw,75,1312758061224857602,MateusenuN,BAITOLA,"SumarÃ©, Brasil",,2020-10-04 14:14:46,Twitter for Android,0,2786,,,
149,"mano a praia de madrugada tava LOTADA e tudo por causa desse suposto ""luau"" q fizeram mds q raiva e todo mundo tava sem mÃ¡scara vei",131,1312758054660833280,poetjoon,â›“ï¸ noona.Ù‹â·á´®á´± ğŸ ğŸ ğŸ ğŸ ğŸ ğŸ ğŸ ğŸ ğŸ ğŸ ğŸ ğŸ,ğ¨ğ§ğ¥ğ² ğ¬ğğ¯ğğ§,,2020-10-04 14:14:44,Twitter for Android,3,0,,,
150,"NÃ£o sei como vocÃªs estÃ£o conseguindo sair p festa, show, aglomeraÃ§Ã£o, todo mundo sem mÃ¡scara, ambiente sem o mÃ­nimo d fiscalizaÃ§Ã£o, nÃ£o bate nem um pouquinho d neurose ou medo? Acho que sÃ³ eu parei no tempo mesmo",212,1312758053369008135,swfiao,"nÃ£o fui eu, foi o meu eu lÃ­rico",BelÃ©m,,2020-10-04 14:14:44,Twitter for Android,0,6,,,
151,Quando alguÃ©m sem mÃ¡scara chega perto de mim pra falar alguma coisa: https://t.co/5N5EC3xZh9,92,1312758040580378626,ya_ma_kenji,matsumimir,æ„›çŸ¥çœŒ è±Šç”°å¸‚,,2020-10-04 14:14:41,Twitter for iPhone,0,51,,,
152,"@wastlandbaby quem fala essas coisas nÃ£o precisa usar mÃ¡scara no dia a dia, ou tem uma rotina mt confortÃ¡vel andando sÃ³ de carro e ficando no ar condicionado",157,1312758031952883713,kagaricci,marco ğŸ‘»,,,2020-10-04 14:14:39,Twitter for Android,0,0,,,
153,se o Hongjoong usou mÃ¡scara danÃ§ando Black Cat Nero no Immortal Songs por que vocÃª nÃ£o pode usar na tua resenha bro,115,1312758031193706501,YUNHOTEARS,ğ–Šğ–‘ğ–,zhuâ€™s parabatai â‹† elu/delu,,2020-10-04 14:14:39,Twitter for iPhone,0,0,,,
154,"nÃ£o normalizem nÃ£o Ã© horrÃ­vel pra quem tem alguma doenÃ§a respiratÃ³ria (rinite, sinusite, asma, etc) ficar mais de 2h usando mÃ¡scara https://t.co/vzCkq7wDc3",155,1312758028362489856,debvurgsus,ğ•ğ¢ğ¡â·,ğ˜Œğ˜±ğ˜ªğ˜±ğ˜©ğ˜¢ğ˜¯ğ˜º â€¢,,2020-10-04 14:14:38,Twitter for Android,0,1,,,
155,sorrir de mÃ¡scara achando que a pessoa ta vendo: ğŸ¤¡ğŸ¤¡ğŸ¤¡ğŸ¤¡ğŸ¤¡ğŸ¤¡ğŸ¤¡ğŸ¤¡ğŸ¤¡ğŸ¤¡ğŸ¤¡ğŸ¤¡ğŸ¤¡ğŸ¤¡ğŸ¤¡ğŸ¤¡ğŸ¤¡ğŸ¤¡ğŸ¤¡ğŸ¤¡ğŸ¤¡ğŸ¤¡ğŸ¤¡ğŸ¤¡ğŸ¤¡ğŸ¤¡ğŸ¤¡ğŸ¤¡ğŸ¤¡ğŸ¤¡ğŸ¤¡ğŸ¤¡ğŸ¤¡ğŸ¤¡ğŸ¤¡ğŸ¤¡ğŸ¤¡ğŸ¤¡ğŸ¤¡ğŸ¤¡ğŸ¤¡ğŸ¤¡ğŸ¤¡ğŸ¤¡ğŸ¤¡ğŸ¤¡ğŸ¤¡ğŸ¤¡ğŸ¤¡ğŸ¤¡ğŸ¤¡ğŸ¤¡ğŸ¤¡ğŸ¤¡,103,1312758024298266625,LeticiaVergutz,Leticia VergutzğŸ‡¦ğŸ‡¹,,,2020-10-04 14:14:37,Twitter for Android,0,4682,,,
156,agora tu imagina um calor desse em janeiro com escolas que nÃ£o tem ar condicionado tendo que usar mÃ¡scara pra fazer o enem sim confia que isso vai dÃ¡ certo,155,1312758022289190913,guwfss,áŸ¹loloÌ‚,,,2020-10-04 14:14:37,Twitter for Android,0,19644,,,
157,"Eu: moÃ§o, coloca a mÃ¡scara, por favor? Uber: senhora, calma, nÃ£o Ã© pra tanto Eu: moÃ§o, sou mÃ©dica, trabalho em CTI da Covid e to tentando proteger vocÃª. Tinham uns 20 hj lÃ¡  Colocou a mÃ¡scara em 1/2 segundo. Uma nova vida baseada em aterrorizar pra proteger  Sou mÃ©dica nada",274,1312758020754022400,libertina____,namorada do Julin âœ¨,Brasil,,2020-10-04 14:14:36,Twitter for Android,0,23943,,,
158,"Segundo meu amigo @PauloBriguet, a Vera MagalhÃ£es Ã© um fenÃ´meno fora do comum: Ã© feia atÃ© de mÃ¡scara!",101,1312758012881272834,Hemmer71282807,ğŸ‡§ğŸ‡·HemmerğŸ‡§ğŸ‡·ğŸ‡®ğŸ‡±ğŸ‡ºğŸ‡¸,,,2020-10-04 14:14:34,Twitter for Android,0,210,,,
159,A mÃ¡scara do Allan dos Santos caiu literalmente.  Mas a escolha do Presidente tem que ser respeitada.,101,1312758012730396672,Oliveir30001725,Douglas B.,"Juiz de Fora, Brasil",,2020-10-04 14:14:34,Twitter for Android,0,11,,,
160,e eu q n fico bonita nem de mÃ¡scara â˜  https://t.co/NLGNJauLEB,61,1312757997865783298,florxbella,xuliaá¶œÊ³á¶ ,,,2020-10-04 14:14:31,Twitter Web App,0,0,,,
161,agora tu imagina um calor desse em janeiro com escolas que nÃ£o tem ar condicionado tendo que usar mÃ¡scara pra fazer o enem sim confia que isso vai dÃ¡ certo,155,1312757994774564865,motiplt,isa,no Shawn,,2020-10-04 14:14:30,Twitter for Android,0,19644,,,
162,agora tu imagina um calor desse em janeiro com escolas que nÃ£o tem ar condicionado tendo que usar mÃ¡scara pra fazer o enem sim confia que isso vai dÃ¡ certo,155,1312757991804993541,obscuruscrf,Willy,"MaceiÃ³, Brasil",,2020-10-04 14:14:29,Twitter for Android,0,19644,,,
163,Pessoal tÃ¡ achando q mÃ¡scara Ã© tendÃªncia de moda https://t.co/z5s0hcKyMu,72,1312757965456375808,teiopa,Biaâœ¨,Eroda,,2020-10-04 14:14:23,Twitter for Android,0,0,,,"Place(_api=<tweepy.api.API object at 0x7f2328e79be0>, id='97bcdfca1a2dca59', url='https://api.twitter.com/1.1/geo/id/97bcdfca1a2dca59.json', place_type='city', name='Rio de Janeiro', full_name='Rio de Janeiro, Brazil', country_code='BR', country='Brazil', contained_within=[], bounding_box=BoundingBox(_api=<tweepy.api.API object at 0x7f2328e79be0>, type='Polygon', coordinates=[[[-43.795449, -23.08302], [-43.0877068, -23.08302], [-43.0877068, -22.7398234], [-43.795449, -22.7398234]]]), attributes={})"
164,sorrir de mÃ¡scara achando que a pessoa ta vendo: ğŸ¤¡ğŸ¤¡ğŸ¤¡ğŸ¤¡ğŸ¤¡ğŸ¤¡ğŸ¤¡ğŸ¤¡ğŸ¤¡ğŸ¤¡ğŸ¤¡ğŸ¤¡ğŸ¤¡ğŸ¤¡ğŸ¤¡ğŸ¤¡ğŸ¤¡ğŸ¤¡ğŸ¤¡ğŸ¤¡ğŸ¤¡ğŸ¤¡ğŸ¤¡ğŸ¤¡ğŸ¤¡ğŸ¤¡ğŸ¤¡ğŸ¤¡ğŸ¤¡ğŸ¤¡ğŸ¤¡ğŸ¤¡ğŸ¤¡ğŸ¤¡ğŸ¤¡ğŸ¤¡ğŸ¤¡ğŸ¤¡ğŸ¤¡ğŸ¤¡ğŸ¤¡ğŸ¤¡ğŸ¤¡ğŸ¤¡ğŸ¤¡ğŸ¤¡ğŸ¤¡ğŸ¤¡ğŸ¤¡ğŸ¤¡ğŸ¤¡ğŸ¤¡ğŸ¤¡ğŸ¤¡,103,1312757960662233089,gustavpedroo,ğ–•ğ–Šğ–‰ğ–—ğ–”,"BrasÃ­lia, Brasil",,2020-10-04 14:14:22,Twitter for iPhone,0,3087,,,
165,pfv normalizem a mascara depois da pandemia eu adorei ficar sem mostrar metade do meu rosto,91,1312757951174713346,switchcomics,isa ğŸƒ,brooklyn nine nine,,2020-10-04 14:14:20,Twitter for Android,0,1273,,,
166,@jairbolsonaro @sergiodireita1 @depheliolopes E sem mascara claro!,66,1312757934980562945,zionnoiz13,Alien,,,2020-10-04 14:14:16,Twitter for Android,0,0,,,
167,sorrir de mÃ¡scara achando que a pessoa ta vendo: ğŸ¤¡ğŸ¤¡ğŸ¤¡ğŸ¤¡ğŸ¤¡ğŸ¤¡ğŸ¤¡ğŸ¤¡ğŸ¤¡ğŸ¤¡ğŸ¤¡ğŸ¤¡ğŸ¤¡ğŸ¤¡ğŸ¤¡ğŸ¤¡ğŸ¤¡ğŸ¤¡ğŸ¤¡ğŸ¤¡ğŸ¤¡ğŸ¤¡ğŸ¤¡ğŸ¤¡ğŸ¤¡ğŸ¤¡ğŸ¤¡ğŸ¤¡ğŸ¤¡ğŸ¤¡ğŸ¤¡ğŸ¤¡ğŸ¤¡ğŸ¤¡ğŸ¤¡ğŸ¤¡ğŸ¤¡ğŸ¤¡ğŸ¤¡ğŸ¤¡ğŸ¤¡ğŸ¤¡ğŸ¤¡ğŸ¤¡ğŸ¤¡ğŸ¤¡ğŸ¤¡ğŸ¤¡ğŸ¤¡ğŸ¤¡ğŸ¤¡ğŸ¤¡ğŸ¤¡ğŸ¤¡,103,1312757933982314496,Aldreylones2,Aldrey ï£¿,,,2020-10-04 14:14:15,Twitter for iPhone,0,3087,,,
168,Muito legal que mesmo de mÃ¡scara da pra perceber que ele sorriu ğŸ¥ºğŸ’š https://t.co/EgCLKFm5Pc,90,1312757933269286915,SEPalestrina,VitÃ³ria â“Ÿ,Allianz Parque â™¡,,2020-10-04 14:14:15,Twitter for iPhone,0,1,,,
169,pfv normalizem a mascara depois da pandemia eu adorei ficar sem mostrar metade do meu rosto,91,1312757932958851074,jumpcuit,viking tupiniquim fÃ£ de black metal,city of evil,,2020-10-04 14:14:15,Twitter for iPhone,0,1273,,,
170,@AndreanoAlves @folha SÃ©rio q nÃ£o entendeu? Ele tÃ¡ com COVID. Ele queria construir um muro. Ele nÃ£o usava mÃ¡scara. A graÃ§a Ã© usar o muro no lugar da mÃ¡scara... ter q explicar charge Ã© triste,190,1312757930207449089,oeliasnehme,Elias Nehme,"Rio de Janeiro, Brasil",,2020-10-04 14:14:15,Twitter Web App,0,0,,,
171,Vim pra um casamento e Ã© impressionante como a minoria tÃ¡ de mÃ¡scara.,69,1312757927074238465,markeetoo,markeetoo,"Belo Horizonte, Brasil",,2020-10-04 14:14:14,Twitter for Android,0,0,,,"Place(_api=<tweepy.api.API object at 0x7f2328e79be0>, id='46bda2f68abcc7d2', url='https://api.twitter.com/1.1/geo/id/46bda2f68abcc7d2.json', place_type='city', name='Contagem', full_name='Contagem, Brasil', country_code='BR', country='Brazil', contained_within=[], bounding_box=BoundingBox(_api=<tweepy.api.API object at 0x7f2328e79be0>, type='Polygon', coordinates=[[[-44.162658, -19.983614], [-44.005055, -19.983614], [-44.005055, -19.7987236], [-44.162658, -19.7987236]]]), attributes={})"
172,pfv normalizem a mascara depois da pandemia eu adorei ficar sem mostrar metade do meu rosto,91,1312757919973347328,jessicarvalh00,ğ‘™ğ‘–ğ‘¡ğ‘¡ğ‘™ğ‘’ ğ‘—,pt br/ eng ,,2020-10-04 14:14:12,Twitter for Android,0,1273,,,
173,"sentir o cheiro ""daquela"" rapariga na roupa Ã© incrivel, mas jÃ¡ experimentaram sentir esse cheiro ao colocar a mÃ¡scara para ir a qualquer lado..? Ã© taoo bomm",156,1312757909902823430,rvilela0,vilela,,,2020-10-04 14:14:10,Twitter for Android,0,0,,,
174,"Bom dia para quem, assim como eu, NÃƒO SUPORTA MAIS usar essa maldita MÃSCARA.",77,1312757907453358082,olhosdobrasil,OLHOS BRASILEIROS ğŸ‡§ğŸ‡·ğŸ‡§ğŸ‡·,,,2020-10-04 14:14:09,Twitter for Android,0,592,,,
175,entregar currÃ­culo na loja do v4sc* com Ã  mÃ¡scara do Flamengo ğŸ˜³ğŸ¥± https://t.co/ChPmuSs3Oq,88,1312757903598718978,sophia_5589,Francineide,SÃ£o JoÃ£o de Meriti ,,2020-10-04 14:14:08,Twitter Web App,0,508,,,
176,sorrir de mÃ¡scara achando que a pessoa ta vendo: ğŸ¤¡ğŸ¤¡ğŸ¤¡ğŸ¤¡ğŸ¤¡ğŸ¤¡ğŸ¤¡ğŸ¤¡ğŸ¤¡ğŸ¤¡ğŸ¤¡ğŸ¤¡ğŸ¤¡ğŸ¤¡ğŸ¤¡ğŸ¤¡ğŸ¤¡ğŸ¤¡ğŸ¤¡ğŸ¤¡ğŸ¤¡ğŸ¤¡ğŸ¤¡ğŸ¤¡ğŸ¤¡ğŸ¤¡ğŸ¤¡ğŸ¤¡ğŸ¤¡ğŸ¤¡ğŸ¤¡ğŸ¤¡ğŸ¤¡ğŸ¤¡ğŸ¤¡ğŸ¤¡ğŸ¤¡ğŸ¤¡ğŸ¤¡ğŸ¤¡ğŸ¤¡ğŸ¤¡ğŸ¤¡ğŸ¤¡ğŸ¤¡ğŸ¤¡ğŸ¤¡ğŸ¤¡ğŸ¤¡ğŸ¤¡ğŸ¤¡ğŸ¤¡ğŸ¤¡ğŸ¤¡,103,1312757898418757633,BicalhoLarah,Larah â˜‚,"Minas Gerais, Brazil",,2020-10-04 14:14:07,Twitter for Android,0,3087,,,
177,"GENTE GENTE SOCORRO EU TAVA ANDANDO NA RUA E VEIO UM CARA PEDIR DINHEIRO PRA GENTE AI ELE TAVA MUITO ESTRANHO ENTAO CHEGOU UM MENINO DE MASCARA AZUL, BERMUDA AZUL E SKATE E ELE NOS AJUDOU TIRANDO AQUELE CARA DE PERTO DA GENTE SOCORRO AJUDEM A ACHAR ELE ğŸ˜­ğŸ˜­ğŸ˜­ğŸƒğŸ»â€â™€ï¸ SOMOS DE BRASÃLIA https://t.co/rXF7BQu0fQ",303,1312757895348604930,hhjstiny_,ğ¦ğ¢ğš; INç”Ÿâ¸,ï½¥.ï½¡.:*ï½¥â†¬ğ¡ğ¡ğ£; ğŸ‡µğŸ‡¹,,2020-10-04 14:14:06,Twitter for Android,0,41,,,
178,E vamos de passar mÃ¡scara,25,1312757890080542722,helobx,heloysa,,,2020-10-04 14:14:05,Twitter for Android,0,0,,,
179,Eu sorrindo pra agradecer um favor...  de mÃ¡scara,49,1312757889078104064,guikarkling,KARKL7NG,"Itapema, Brasil",,2020-10-04 14:14:05,Twitter Web App,0,0,,,
180,usar mÃ¡scara nesse calor Ã© morte,32,1312757886666276866,jmmariar,ğ•µğ–”ğ–†ğ–“ğ–† ğ•¸ğ–†ğ–—ğ–ğ–†,"Planaltina, BrasÃ­lia",,2020-10-04 14:14:04,Twitter for Android,0,0,,,
181,pfv normalizem a mascara depois da pandemia eu adorei ficar sem mostrar metade do meu rosto,91,1312757884329971712,riddikwlusz,slylockray,          ğ’‰ğ’‚ğ’˜ğ’Œğ’Šğ’ğ’” 85'ğ‘ ,,2020-10-04 14:14:04,Twitter for Android,0,1273,,,
182,pfv normalizem a mascara depois da pandemia eu adorei ficar sem mostrar metade do meu rosto,91,1312757884145545219,daya90s,ğ”…ğ”ğ”¯ğ”Ÿğ”°,,,2020-10-04 14:14:04,Twitter for iPhone,0,1273,,,
183,o bom eh que se tiver de mÃ¡scara nÃ£o embaÃ§a a lente https://t.co/3QsGTSyNnw,75,1312757869385842688,Aniele_pinto51,â“œâ“â“â“// game over 10/10,na puta que pariu,,2020-10-04 14:14:00,Twitter for Android,0,2786,,,
184,sorrir de mÃ¡scara achando que a pessoa ta vendo: ğŸ¤¡ğŸ¤¡ğŸ¤¡ğŸ¤¡ğŸ¤¡ğŸ¤¡ğŸ¤¡ğŸ¤¡ğŸ¤¡ğŸ¤¡ğŸ¤¡ğŸ¤¡ğŸ¤¡ğŸ¤¡ğŸ¤¡ğŸ¤¡ğŸ¤¡ğŸ¤¡ğŸ¤¡ğŸ¤¡ğŸ¤¡ğŸ¤¡ğŸ¤¡ğŸ¤¡ğŸ¤¡ğŸ¤¡ğŸ¤¡ğŸ¤¡ğŸ¤¡ğŸ¤¡ğŸ¤¡ğŸ¤¡ğŸ¤¡ğŸ¤¡ğŸ¤¡ğŸ¤¡ğŸ¤¡ğŸ¤¡ğŸ¤¡ğŸ¤¡ğŸ¤¡ğŸ¤¡ğŸ¤¡ğŸ¤¡ğŸ¤¡ğŸ¤¡ğŸ¤¡ğŸ¤¡ğŸ¤¡ğŸ¤¡ğŸ¤¡ğŸ¤¡ğŸ¤¡ğŸ¤¡,103,1312757865447256064,ttdaMillaah,Milla ğŸ˜‡,,,2020-10-04 14:13:59,Twitter for Android,0,4682,,,
185,sorrir de mÃ¡scara achando que a pessoa ta vendo: ğŸ¤¡ğŸ¤¡ğŸ¤¡ğŸ¤¡ğŸ¤¡ğŸ¤¡ğŸ¤¡ğŸ¤¡ğŸ¤¡ğŸ¤¡ğŸ¤¡ğŸ¤¡ğŸ¤¡ğŸ¤¡ğŸ¤¡ğŸ¤¡ğŸ¤¡ğŸ¤¡ğŸ¤¡ğŸ¤¡ğŸ¤¡ğŸ¤¡ğŸ¤¡ğŸ¤¡ğŸ¤¡ğŸ¤¡ğŸ¤¡ğŸ¤¡ğŸ¤¡ğŸ¤¡ğŸ¤¡ğŸ¤¡ğŸ¤¡ğŸ¤¡ğŸ¤¡ğŸ¤¡ğŸ¤¡ğŸ¤¡ğŸ¤¡ğŸ¤¡ğŸ¤¡ğŸ¤¡ğŸ¤¡ğŸ¤¡ğŸ¤¡ğŸ¤¡ğŸ¤¡ğŸ¤¡ğŸ¤¡ğŸ¤¡ğŸ¤¡ğŸ¤¡ğŸ¤¡ğŸ¤¡,103,1312757864570802184,Draxdi,Diogu Evangelista,"Rio de Janeiro, Brasil",,2020-10-04 14:13:59,Twitter for Android,0,4682,,,
186,As vezes eu esqueÃ§o que o corona existe e penso que a mascara Ã© sÃ³ uma peÃ§a de roupa normal,91,1312757859189510144,F_gabriel59,Gab,,,2020-10-04 14:13:58,Twitter for Android,0,0,,,
187,sorrir de mÃ¡scara achando que a pessoa ta vendo: ğŸ¤¡ğŸ¤¡ğŸ¤¡ğŸ¤¡ğŸ¤¡ğŸ¤¡ğŸ¤¡ğŸ¤¡ğŸ¤¡ğŸ¤¡ğŸ¤¡ğŸ¤¡ğŸ¤¡ğŸ¤¡ğŸ¤¡ğŸ¤¡ğŸ¤¡ğŸ¤¡ğŸ¤¡ğŸ¤¡ğŸ¤¡ğŸ¤¡ğŸ¤¡ğŸ¤¡ğŸ¤¡ğŸ¤¡ğŸ¤¡ğŸ¤¡ğŸ¤¡ğŸ¤¡ğŸ¤¡ğŸ¤¡ğŸ¤¡ğŸ¤¡ğŸ¤¡ğŸ¤¡ğŸ¤¡ğŸ¤¡ğŸ¤¡ğŸ¤¡ğŸ¤¡ğŸ¤¡ğŸ¤¡ğŸ¤¡ğŸ¤¡ğŸ¤¡ğŸ¤¡ğŸ¤¡ğŸ¤¡ğŸ¤¡ğŸ¤¡ğŸ¤¡ğŸ¤¡ğŸ¤¡,103,1312757858438656000,_heloisaa_a,ğ’‰ğ’†ğ’ğ’ğ’Šğ’”ğ’‚ ğŸ³ï¸â€ğŸŒˆ,no fim do mundo,,2020-10-04 14:13:57,Twitter for Android,0,4682,,,
188,pfv normalizem a mascara depois da pandemia eu adorei ficar sem mostrar metade do meu rosto,91,1312757856995880960,lwtrhours,sab â—ŸÌ½â—Ì½,princess park ,,2020-10-04 14:13:57,Twitter for Android,0,1273,,,
189,atÃ© de mÃ¡scara os cara mexe com nos nÃ© mano desgraÃ§ado sabe nem se eu tenho dente,81,1312757855678857218,Limajadeoficial,J Î± d Ñ” ğŸ¤¦ğŸ¾â€â™€ï¸ğŸŒˆâ™¥ï¸,pelo mundÃ£oğŸŒğŸŒ»,,2020-10-04 14:13:57,Twitter for Android,0,15,,,
190,eu ğŸ¤ soprar com a mÃ¡scara as ceninhas da borracha,49,1312757840008937475,simara03,Simara,,,2020-10-04 14:13:53,Twitter for Android,0,2486,,,
191,sorrir de mÃ¡scara achando que a pessoa ta vendo: ğŸ¤¡ğŸ¤¡ğŸ¤¡ğŸ¤¡ğŸ¤¡ğŸ¤¡ğŸ¤¡ğŸ¤¡ğŸ¤¡ğŸ¤¡ğŸ¤¡ğŸ¤¡ğŸ¤¡ğŸ¤¡ğŸ¤¡ğŸ¤¡ğŸ¤¡ğŸ¤¡ğŸ¤¡ğŸ¤¡ğŸ¤¡ğŸ¤¡ğŸ¤¡ğŸ¤¡ğŸ¤¡ğŸ¤¡ğŸ¤¡ğŸ¤¡ğŸ¤¡ğŸ¤¡ğŸ¤¡ğŸ¤¡ğŸ¤¡ğŸ¤¡ğŸ¤¡ğŸ¤¡ğŸ¤¡ğŸ¤¡ğŸ¤¡ğŸ¤¡ğŸ¤¡ğŸ¤¡ğŸ¤¡ğŸ¤¡ğŸ¤¡ğŸ¤¡ğŸ¤¡ğŸ¤¡ğŸ¤¡ğŸ¤¡ğŸ¤¡ğŸ¤¡ğŸ¤¡ğŸ¤¡,103,1312757833579012096,JGabrielAT,JOJO,"Rio de Janeiro, Brasil",,2020-10-04 14:13:52,Twitter for iPhone,0,3087,,,
192,"@ferisiena ou quebraram a quarentena de forma inconsequente, indo em rolÃª com 173737292929 pessoas todas sem mÃ¡scara, aglomerando na praia................",154,1312757833163771904,lanaschreave,ğ’‚ğ’ğ’‚ ğ’˜ğ’Šğ’•ğ’‰ ğ’‚ğ’ ğ‘¨ â™¡â€™ğ’” ğ’„ğ’‰ğ’‚ğ’• ğ’ğ’ğ’Šğ’“ ğŸ“–,"green gables, avonlea",,2020-10-04 14:13:51,Twitter for iPhone,0,0,,,
193,pfv normalizem a mascara depois da pandemia eu adorei ficar sem mostrar metade do meu rosto,91,1312757832433963008,lylatti,ğ’„ğ’‚ğ’“ğ’ğ’ ğ’”ğ’–ğ’“ğ’•ğ’‚ğ’…ğ’‚âœ¨,fundo do poÃ§o,,2020-10-04 14:13:51,Twitter for Android,0,1273,,,
194,pfv normalizem a mascara depois da pandemia eu adorei ficar sem mostrar metade do meu rosto,91,1312757829980348416,ecIipsew,ğ‘²ğ’‚ğ’‰â›ˆ,,,2020-10-04 14:13:51,Twitter for Android,0,1273,,,
195,"@hugosabuga Depois do Ã© sÃ³ uma gripezita e da ida Ã  horta dos amigos passando pela visita aos velhinhos nos lares e do nÃ£o ponham as mÃ£os na cara,nem haver necessidade de usar mÃ¡scara,e de nÃ£o ser patriÃ³tico criticar dados da DGS Ã© normal que confunda azeite com oliveira",271,1312757829615443968,mgilneiva,ğŸŒŸMgilneivağŸŒŸ,Civilized world,,2020-10-04 14:13:51,Twitter for iPhone,0,0,,,
196,"Eu: moÃ§o, coloca a mÃ¡scara, por favor? Uber: senhora, calma, nÃ£o Ã© pra tanto Eu: moÃ§o, sou mÃ©dica, trabalho em CTI da Covid e to tentando proteger vocÃª. Tinham uns 20 hj lÃ¡  Colocou a mÃ¡scara em 1/2 segundo. Uma nova vida baseada em aterrorizar pra proteger  Sou mÃ©dica nada",274,1312757828315238400,GGantunin,gueixa do homogenic,,,2020-10-04 14:13:50,Twitter for Android,0,23943,,,
197,"@camila176908114 Sempre limpar, Ã© NecessÃ¡rio. NÃ£o sÃ³ pela Covid. Se visse o tanto de Ratos e Baratas no depÃ³sito... No mais, Ã© usar mÃ¡scara e Ã¡lcool 70, pra diminuir,sempre as chances de contÃ¡gio.Entrego a Deus,apenas pedidos de piedade dessa gente descuidada,amontoada em praia. Xixi traz Corona.",297,1312757824854859777,xandaodalapa,alexandre gobbis,,,2020-10-04 14:13:49,Twitter for Android,0,1,,,
198,"A minha parte favorita da thread do moÃ§o emocionado pq tratou prestador de serviÃ§o com o mÃ­nimo de respeito  foi a dos olhos verde que se destacavam na mÃ¡scara preta  Meu filho, vc vai se vangloriar de ter feito o mÃ­nimo ou escrever um soft porn?",246,1312757820400365568,MissDior_MS,escudeira neoliberal dos direitos da mulher,,,2020-10-04 14:13:48,Twitter for Android,0,9,,,
199,pfv normalizem a mascara depois da pandemia eu adorei ficar sem mostrar metade do meu rosto,91,1312757814721499137,milasroses_,á¥£á¥±strá¥²á¥’gá¥± â¾Â¾ á¥£ová¥±s já¥²máƒ§á¥£á¥±,Demi Lovato | 20/10,,2020-10-04 14:13:47,Twitter for Android,0,1273,,,
